0x09B09b1189d94E7c0dE915f8657E59d8b3fe4163	10000000
0x0D8C64c2ba1BafE6eA7e49C85C59F7C81ce8bF1f	10000000
0x0E0E02e3c64CD4FDE08E395F864ad842BC617AC0	10000000
0x0FF3e246EA320FB6dA47cf39D5e5CcF556E5c23a	10000000
0x11809C194b680e6d70056E6a075135F33f8c417B	10000000
0x160bdA998Bc87923c6f9fd26293cBDF1aA3AbCB9	10000000
0x162B81558D64f1715Fd9B75D7016B2dD8450Bff9	10000000
0x16A9EF001cBA4DF035194067694444e421c0B566	10000000
0x1b13E98C3B3978a3F46c15c549C3b2087F5B706D	10000000
0x1C192378643d15CEdE5039C8E93f655dF4A6E1BE	10000000
0x1C6f2CA0E0d9f47fAEC1F121Bb29DB54cacf2174	10000000
0x1C77e7eBa345ffE4256EF51aDef96927f771D4Ca	10000000
0x1caE8c9Daad75DD1FA33AB8ee63609913cc7E63e	10000000
0x1D24F6FaBd3c873B77Bd53eC97771a174001a0e2	10000000
0x1E1403dBA84250F4204D3a33357FC55524271AaB	10000000
0x1eeBfa3BC1a213150D2754325e6C43B8a81D1AE9	10000000
0x20A0861981F6cbc4263DA298d47d27f0885aD0D7	10000000
0x278fAFAb933340288b779c61898d5BD68Cc61b6a	10000000
0x2899f58c354D12782c5c4259aAD43D99FA35359f	10000000
0x2A2304d87bA6B20F5Ece3B735bD57eBFF6Ec7cd2	10000000
0x2Ab1709032c5590B47dec4282A320b75E83f5d39	10000000
0x2c58476EAa94a5e654DFBFd905FEf49E4964114C	10000000
0x33a68d507eC662226BF57026DF021aAD7AC157EA	10000000
0x33f6A55fbdE4d8e02e90a4447c3081f435e24469	10000000
0x34E2483704FE47719FDc1E10dAa8BDB9feaa5702	10000000
0x35d80FC6fF0c50B4917DC10dD929e2a493B10658	10000000
0x378809456312b81783Ba405C9cC96F464c998867	10000000
0x38148053f9F8e9C5193Db08ffaE47cD7AAbf0465	10000000
0x3839339410463D24Df3cB1B037313F453DA7dAac	10000000
0x389646DC8CB57432A4D9275670Fb0cce7D83a214	10000000
0x39A9996b37311e7FB6F053f98A459E522146B512	10000000
0x3F136ac9EdED6e4e1A815f66e139c54c1788595f	10000000
0x402e14830A56440F2360E9267B74654052b3DdB5	10000000
0x4228873cdF2539F951b43C4eDe1e01A83C13CbDF	10000000
0x43B07592c05f2d6E53133148F45876FE854bBd54	10000000
0x449adD8a698aD6F8B1380538bf41b7b9a011f883	10000000
0x49E8328D64E50b56E77662d7451E68799B4c21AA	10000000
0x4b7D9B329B19eA2bcAD17D66821A3616bC615E5d	10000000
0x4DE4c234bF742fF82B45798F519897751c392c64	10000000
0x50732FbF0433A7113c6Dd5232234240DA28478D0	10000000
0x524a8d82526415BC109661261709Ab9614ec5D4f	10000000
0x53Ec404fA99695c9E84e206dd7e3654e12E40254	10000000
0x5567182c59c1bBAe2c7226D252ADA8112803AaAa	10000000
0x5caeE24Bd14E7388AD5831D5e1Ba91C32492B579	10000000
0x5e9e8DE0CDB2FeDa87a624B7441005C978BcA2D6	10000000
0x5f18883B2Df573E02C947250449548e72e595322	10000000
0x6266Df386E95C61976a1A91EdacceD879CcFd5C8	10000000
0x645849101fC824058c915e552d8762e2e082CcAB	10000000
0x65a872fcA79390e85e683CCAB3bc3c89C91c7530	10000000
0x65d188939360fc1Ff4cb7C24Bf2317bd00fCd106	10000000
0x66053193d52054fFA14f5CcD4a68dE67584A70aB	10000000
0x674E6fE4EEb86107f2757cB9d62c5c37239EDD42	10000000
0x68319cD9C0242D3DAB7559684db2E92980B24560	10000000
0x6A89d84583F403AF0C4E625436d934c89988D7F2	10000000
0x764202141b8b19bA61eCfbF115fecE7954393446	10000000
0x77a3fCe4fe0DF15315C51245D64288220cA62C71	10000000
0x7Aee7f74057228b0DD4df6153eB07017180f61fA	10000000
0x7e65cA4Ae30e4ad7C3D33a52EF8cc9530FdD445E	10000000
0x7e8fd51e9c4A12BB5BE64Cf542Bca74c26BBA1f3	10000000
0x82084b15D6DFc6D3Ed8b7DFD731AD6A41CA7ED7A	10000000
0x82A3d9f2Fd78D10dBAEA47369Ea002e2416DfE74	10000000
0x84719e212FB9B90970E7FB85F83cC3AD50EE178c	10000000
0x8526Ba0a5C0f90E146C8D1B8CDB882D1487CA7c7	10000000
0x877584A151bb52Aa158298Df5Af58960aDfC7a1f	10000000
0x898316fe1505173512b6dEd4d10B2eCeEC3b3151	10000000
0x8a379Da1c687b0198ea1e0433428C32283bb2f1e	10000000
0x8B068197e1fC15389Ea2d6f4fB1A80402A688ee8	10000000
0x8c8E3FcC14d4FEf00D572bC410B010da39aCD4f4	10000000
0x8d36E2f483fbfaAE0FEde3eD6f6505488B2B8cE2	10000000
0x8EB3C5ceced548E66c12AB6483F0fA4C79C6C5EB	10000000
0x92E3889C83D5f88a909cf6d953C89D08f27e8898	10000000
0x9373492f49b833cD6E14A3561743c600367F45E8	10000000
0x9678aDDF4142811b77284aC2107A9f7381129d7B	10000000
0x9Aa8c195D0329a63de3618AC38B8B25E885FA187	10000000
0x9D838E271E78ddf8eD782A617e0bE17854F521E2	10000000
0x9E53AF3A257FE094B9039BFAb63399657aA09b63	10000000
0xa106Ac7d1AB463B73F3697ad8F4a7e4Bca00e1b9	10000000
0xa1bAC5B8661E349B51B7f516C68F2AF1c4e57AD5	10000000
0xa820a36261983Da0CfA43fca4309E1f837505d55	10000000
0xA8835c16257f721D37d5bF9500CAfdc270012f95	10000000
0xaC6795F49455142a5278ba40f5965BCe36982F64	10000000
0xb0B6Fc31eCCA3465FdCef0ccC1414A07C82cA2C0	10000000
0xb23bbE3D476e6f2355870954E43F66A1068E51EA	10000000
0xb2934A18e26abB9544Cfae66b534fe1F94512233	10000000
0xb414D2236a71192ef889D78A7D26efb429BBD7FA	10000000
0xB4155dCc3C3ED01F0216F01CCa3aB74b63c9C4eD	10000000
0xb7498a6aBEa092A560100dc063754e0EBd4D621D	10000000
0xB8F044Cc0f6F7f2047A65CCB10Fb7FA4f236aD00	10000000
0xB9731875AFB73D926eF9D968F7bd4b92A5B590a9	10000000
0xbAA4ca5ae4d7f8DF02d07A6283063324862Ed4c4	10000000
0xBcCa4Ac8ea1a540Bc8F589dF2131Add3252a2cc3	10000000
0xbCe582124baE9e4667564d23b420C25EC449B5E3	10000000
0xC158C60611aD8933A2C1705A86605F922cfdB825	10000000
0xC48d423Ac50CD01aDfc684599E95b824AE664A1C	10000000
0xc8CbC24D76a94774FDdF8cb3f9cC4328883263c0	10000000
0xc91Fb34EB236e3D338B41b3ab8359292B927D707	10000000
0xC9F732C4605f09D89Ad436b145233CFBA01E7eb0	10000000
0xCa162Ce6979E5459b86CBc7DfC388b49D73FC8c2	10000000
0xcAdacaDCDd73218f1F3CA9E4B8D41fF110cCF9fd	10000000
0xD18842e9d36733463dB170060BDE1FdE29851592	10000000
0xD54E90597ec00914Fa99C4fD62dda9D1924a2665	10000000
0xd6621E5DDD67Fb33D6E2E85e231a0bA381A30A0A	10000000
0xD69CDb9B329f1BadC4a748a12486D81F56E2feb0	10000000
0xd976861927b64Bbe683d3AeC70517e9f247b65d0	10000000
0xDcab5e9274c66E3CD5822E9278e68F1513F6c3eB	10000000
0xDccdfA0043493FfC0BF009E17C95b6fd95A34190	10000000
0xE3320E9fE602028276d22D89a226F8D9428B9C01	10000000
0xE7BD27430e0F28de67682E1e77B48b71522B268B	10000000
0xE9FcAC440bc087A04A91cf31807E9e748Cc21F36	10000000
0xEc1a588Fc68a02a0F2A2B8FEC852Dd54B6738b95	10000000
0xEDF279C0ab4b852bAfff993B2551F87fEb60A87d	10000000
0xEF74e03D418A3F6799CEf075fcbF57C2903bcfaF	10000000
0xFdcB58582a00C9e503416593D8Fb058F377Eb305	10000000
0xfdDF5cDD44F0242b07B91890EB06d525Ce3d013d	10000000
	