HolderAddress,Balance
0x0018cbfac89df49e8d3e6d2ff08edf29d98e0734,35000000
0x003c9f72c550fabb7ac70493d5cc9a4fe1702770,10000000
0x004520c73dd582225b40683114383684d5bae753,10000000
0x00474741e0aa6f69943ee8f2ff4d08587395c22c,10000000
0x007541d1dd2d2b88d34cd4ae6e766d33b3663a15,10000000
0x00e5d6e01bdad189861fbea7b8522027eaeaa0fe,10000000
0x0106a6e763771c884c8cbf02fbaecd032c25c6b9,20000000
0x012d4747998ff4efc62dc97c2edfa02096a06e66,10000000
0x016825b328918b568579451687db5149d1481077,10000000
0x0180baa3cca07402f3d2b09b2f2437c677e56d06,10000000
0x01a0e2b97b82b0c9bf1f5d369d208463fbcd7095,10000000
0x01cc97fde27efd45de4f535e375f5b31217bac37,10000000
0x01cdacf8e27c12ebd74b8f816f24d938fed9550f,10000000
0x01ce9a439302c9cb8f382eb33401d92d8a5ab80c,100000000
0x01d341e103c596cd7a36c98ae327196bff8d1c77,100000000
0x01e1ef7dee6dfa19eb5e1e8fa64bf8f55a6dbdf3,10000000
0x01fe2b602738f1dd8290623476bde91e86053338,10000000
0x02174099b05406c3a8acbff1738c2ea39511f8a3,10000000
0x024674aa3fc3fae5858b074b9ded766397ef11ae,10000000
0x028c0d3a88d9586849b87ec377906c9ce35b5dd4,10000000
0x02c742f119542383c34e5196e3c5639e85446f3c,10000000
0x02feef296beaf6615bd0cdadce9db30cae525cce,10000000
0x03342763bf9c60928adeb9f7abab2adb77f2353b,10000000
0x03580b7f4add5c7a9a7bcb3a9c692cd0ee9f00ac,10000000
0x0358c93c80841df3be36282080e4f84e5fd7377c,9823.57207492559
0x038d0b47f65c60018b46a8829e2f20e28019368d,10000000
0x03bd77990f28a2393792fa111e553f4665121c88,99869.439283257
0x03ebf19c6457ebc42083e5397a002c2f0672ed17,10000000
0x04873bb7e048711d4485d18bb44004f9a1162adc,10000000
0x049ad303ff49695f182beb423d82923fcc2d629b,5047343560.81178
0x04dd3797aa7488580390206603789740709894e0,10000000
0x04ef9dfd898aaa33cbb0c5c6f01b339ea2e9ea14,10000000
0x05ab1fba18fb6fdb74b61ce4989e614925d3bdfa,10000000
0x05bc2edea4a7b7f425a1add03e5af72767546463,10000000
0x05d031bf6a399794bee59d615cb604ab93a6ee42,10000000
0x062bc80aeae28b549b262b19d40e86d3e6aafd43,10000000
0x062f2c1f08e56e16b8206a8dff60977f87420eb8,173231471.059559
0x06406079d18fce29e85a5893242fb288c7f3c45d,9904.80191700236
0x06428270f666a234011b76eb3c4a5deea67b5e54,10000000
0x06a0ae4edff2b4cdbed49bd3d93357a9fdb9c000,10000000
0x06a8e682e1878947e206a06877c9387988497386,10000000
0x06d66cec581d07660c7bac9c0fefc1f708a778ea,10000000
0x074470249db4680309fa8dcbba20429e69af68b5,10000000
0x075f55635a21186c8270de35b679e8e41afed097,10000000
0x076edee355c0b4e5b1371085c24e27a2fc07d71a,10000000
0x07860d14632b263006e8f4193c98094c16f3eac4,10000000
0x07d80ae6f36a5e08dca74ce884a24d39db9934ed,69236488.5002519
0x083226eb6904f32afe54fdb2766485a4858b6498,105717628085.346
0x084788228bbbe7b5a08e6f3d147400fa52e3f8d1,10000000
0x084ddf4e3719a56619a2ec745dc7e5651a5ef658,153344355.462197
0x086bc52c69e23b6bae2a0029e225d196e704ded3,10000000
0x08a207cf06e49390cbdb2dae79e03967efdf41a4,10000000
0x08e72ea7acc37a390fc13c3749c26a3bb5750ba5,110031336.051663
0x09293daae74a45f573dea58b8a10e7990282df15,100000000
0x09873522f400c92200606936060eb56535a807a7,10000000
0x09a22e49140d1c39b71e61a44227ed83d86d6295,0.78087617108536
0x09ac41b154917fa3cd6517e4777b5b88cc7726ad,35000000
0x0a0c53c062adaf6880885dc3c8d3d4dccb8adea3,10000000
0x0a7a1f2341ac84d49204808a9069840fa09396bb,10000000
0x0a8a6cddd975386e5fbab2f12c17139742166943,10000000
0x0aab0e8bd440b9b0c06f3ccaa5246da1b8ad7aaf,10000000
0x0ae4ddbfa9a451441af7ac6bbee6442b1d6c3b48,36.5222453324154
0x0b82fe7d5a30c399f06a09211e73789edc178f46,10000000
0x0b851c8a8421314cba7044c0c8bab0ef1d55e059,10000000
0x0badd73a099e215374f90bfaf0c4fae6c400f290,10000000
0x0bf8f5690b75566b78c8453d311d8e3c25de08c2,10000000
0x0c2eab32865293c13536a2208151178028a51c8a,10000000
0x0c59ae19f4280e450c051fa4be934de8666231e7,100000000
0x0c85bcf153d194a20e8e0af1e598b016bba4c9b3,10000000
0x0ca5e678596b2a83cb7c10d64ee5c456429b4891,10000000
0x0d44ee6a8070b568234cdefc0a13c56c4a1a2fc9,10000000
0x0d60959ba4dbefe1950f84a976d0bf8bc356203d,10000000
0x0d61534e5b060f1f74fbf4289e9fbbf4e75b4498,10000000
0x0da9f02bdd0976e1106f9ef85c88e2821f59855c,38.5749006425794
0x0df6f3e858a3c57e9a39b71aa3798c792898f0f1,3.42295144333847
0x0dfc9bc783ec9e4267ac71278955f59897e8900a,10000000
0x0e1b517f279f71045685609ca770e6e43ea504b5,10000000
0x0ec05f3fdd0ae0cca385a39ed46c0e251981f7c6,10000000
0x0ef44e37cc7511352236a5d5ad98c7c79e343334,10000000
0x0f078813aa00756f915be231dd668b09284c8080,10000000
0x0f20c2c2bcfc997f530fa510767fadc71888be3b,206.540007418003
0x0f6274152a65a0d671f35fd4d6c6fa2e1fd84620,100000000
0x0f99d06c13c7193212c6562e2ae600d1da2e9dad,10000000
0x0fd06147acec66ab36f3ba1dfdc3a76596242947,10000000
0x0fe82d2d91b430ab27da205871098f8d409d61b6,10000000
0x101d6ab399284c24f2cd6449515dc4fe43a04aa7,10000000
0x107bb118232a3347d3936203b0865b987074ca3c,100000000
0x10d2c806272b9b2dbc68ee94d9b8e86ea5273a3b,10000000
0x10de042a81a2822ec64809f0a96ec9fb6e251fa9,10000000
0x10f181befa5d26bf7c55bb31d86b6dd2d02752ca,10000000
0x116d402f6004dc53856a204a654d2c17eab835cb,2926381606.10038
0x11b2860cc35bed475b01f0a1fcc2b6a999543073,10000000
0x12438822162cdb27b629edd5be4c6d51e08db7f8,10000000
0x1274f41a05213e9ce8d5e9210c1ca49ef32fb5c1,4949487688.63226
0x128d56dd5394918b86b6ce2e21d4aa49b32fc531,10000000
0x129f4e39df7a643f5706c7d5484f0a2031d48b12,10000000
0x12b8604b3570b048dcfe32ca841683689da7ccdb,10000000
0x134c6b07c5f1b9131aabaf1fae3618a42ecc3d31,140000000
0x13c50aac4d573e78f09e0269d78885e5098eba15,28128443418.9662
0x13caecc66c8342cee54bbf7ab3909dc98ab465e2,100000000
0x13f75ba8457d379c0333e6eaf9e116a3e9f2b050,10000000
0x1403d36bbe6082cf771eb3c865bfde4b8fbe0e31,10000000
0x140d426e77ebca661941c8c9a9a01407109b7309,10000000
0x141fe06220a22d6abded16f361ed11c728616a96,10000000
0x1426f4032aa173fad089dc59e831624cf2fa723f,10000000
0x14360a253aab797922a02be977f4b27ac1ec289c,10000000
0x14a289d417e29764c6af60de34f74769a22bcc8b,10000000
0x14e52d7443903234b635ab6a2d52b97514ed8aec,100000000
0x1530122adb0e615f050061f7d03c236fbbd55653,10000000
0x154ae8935f5c1b0d58ed164e93a4f5945a79efec,10000000
0x156d9a34b291593f5a262bc37cd068bda5ff942d,10000000
0x15889778ad2a7fb8980c26609decc766e6f9e961,10000000
0x15a48e323bdca4956c620b9ab1beca32d88c0db3,10000000
0x15cfb62e919ea6e65b0e29f860fb2e0dfe483be0,10000000
0x15dc650bfb012e86bfe2a36bb3caabe45bfa0503,10000000
0x1601ccd4e1572b0546c21e7271251610988b2c70,10000000
0x163b003699fb037ab6e91d423de9a6679e6abd24,100000000
0x170ed2ed492fe01976c9efa79eb8e2222d47d40a,100000000
0x175d7ac3844ac969c1d17431e59ff057ad17ee3b,10000000
0x17848d13472703a3f92ea26bfc38eb06e4e62a77,35000000
0x17c566e12ee786c264dc90e057058bde4edc71a0,10000000
0x17c9507b28f81877ab2e3435e4b237c8e9ff3a39,10000000
0x181464fa03a038ed4e19bcb7924e830b9de04047,10000000
0x182b1c87775d249da3977872bbfa8049959e0c36,10000000
0x182b34e0556019aaacc54437f1712603d0e4af95,10000000
0x184f3e242c118bc483ff5e622a07ca3e9167b783,10000000
0x18506053a4346ed78a72c94b8e5fbe3a35c75dc0,10000000
0x18594d4495eba8a5b8c1ee7ca62c266b6ed26fce,10000000
0x18c426a4e1d9ef4d9ffe99d66b1c450e3229f58e,58633.697092808
0x18fc43b74fb706f542a2bdd10b6ccf93bdff37b0,10000000
0x1912d4429da29033b0217d9dd861e8cb11cfa518,10000000
0x1950e924759903eca24cda1e5bdcd9868dc230d7,10000000
0x1987df81016dcb1ac35daef3d7315d7ef4e5d165,10000000
0x19fdbf4a37aaa2cda7f0a1870a7b80b172533aa6,10000000
0x1a40b36a8688efb152d8cc66c46e1fa52a698b0c,0.357523998218144
0x1ad00c22c73b7b548420d0d5cb3d5ccd5a4f4ff4,100000000
0x1ae77f4db36879b082b029908405d08699f90aca,10000000
0x1b012e6aab89c3e710c43ed4d53cb5a087308212,100000000
0x1b4c21da7d5595da6c4b8068c49eccc611a8e283,10000000
0x1b5647ccc15484d10aebbcd303a6462c73476543,10000034.1647108
0x1bb1e361916683ccc3bda445cf89a9dad6d5be1b,10000000
0x1c1782f83bbafbef434769bbff5a3ac001176fab,10000000
0x1c3d95a0b9e07b54675c3c99cfeea724c98857ea,10000000
0x1c4723ab98d1f25ef21a75256a8af080b45006fd,100000000
0x1c8203752cb1dc56ca04bf907f12c8a2da6be248,10000000
0x1c8dd0fee2084644447c188d830a84b9fc9c7401,10000000
0x1caae2240ca0aa3d5f46dea853c34e5bd043a137,691646.018140279
0x1ce259c8b5ed4e4b1bb7b99c16e5e6398e16707a,10000000
0x1cf137e04e56b3b9f0f05544315b26d4c9f3c3b4,100000000
0x1cff152032b4c4e4bdb42eadce76e1cc72d8147b,991495.554202897
0x1d75c2e76f34157ca35c32425a938f51a4a65650,10000000
0x1d7e92facb2fd3feef6a8dd0a876e9c983149716,10000000
0x1d946066b04911613f74980422cafbc00115eb4e,10000000
0x1dfe010cba2549ef30ed508c91eeebef861cee0c,10000000
0x1e0a9f416bb38c2ec6781949f3b4fba7a16290a9,10000000
0x1e3c74226f07f1e9ccc33c2574a7d829903bc4b1,10000000
0x1e93cf78300f060499c4febda990d825efe7e0b8,100000000
0x1ebd0669ba34750c55484a5ce371f944bc8fe679,10000000
0x1ef9a28c2f33b8297a5a687e49f3feaf14c8a461,10000000
0x1f28b6cc67525766df47510311b0516c939cf362,10000000
0x1f36df3a34441e22449bcb7dcfc55b1946e9a09d,10000000
0x1fad0f8f9121d70bcb5ea5e15c9a31edfcae9c8d,10000000
0x1fbdaf23f11db7dafe152326046b3b9f084d8013,10000000
0x1fc8c534f5f8236c5e51ec118008f4634ca8c447,10000000
0x1fe7575c7b3954872282488bd6305e3445da22c9,10000000
0x1ffb88cd29f46b38f44b957ab065e43ece508451,10000000
0x2049eb3fd7f2c73b85f53822b066ddf9a8181f8e,10000000
0x20d347481190335bba819d749c5c14d34e76d589,10000000
0x21056ba4de409880101df6053397bb0d287b31e5,100000000
0x213e11a5ddbabd9df35735913c571e42a92cb0a8,10000000
0x21483ee0cc6f18301cc5fc6a2927523ea2afadcf,10000000
0x21724584c0e2bd499c0dd273d616cf27afe9b3d0,100000000
0x219e294350e5d636d769bfc7f55c147e0a8de7d6,0.357379477856742
0x2236253c96c3331b647f0ecefd4ecd4f9c7fbe82,30302616219.9579
0x2275644c8e9b647e3dbb47b29896c6861520bb0b,10000000
0x22afa556f758436a14c5ba893d6b021cee73491b,10000000
0x22f0a5f5bd0cd7b72c7963ae55d2289d9507fe90,10000000
0x23c9bb2a7564e78aebe75f2fa1557f510e285c74,10000000
0x2410fc8bd069edf114a2638766450541e8a0715b,4048330400.62691
0x246c2d9316603fa15b6d2ba9dd4302d6f261211a,10000000
0x2478235336956e9522052f358e16fa9b3d94f1e7,10000000
0x24e0d445130fa13d7f36dc5af146d5736f488245,10000000
0x24f627880855f67800aadf2c8ab6e0a83a95e26e,20235151578.4288
0x25421d12ee2d807c72b786e46ce4ce1d9463e293,10000000
0x25464b8b6c354dab3d05b5152eba879667d5a8cf,10000000
0x2659be3af46fb6c228d847654c3c519a58e94296,20000009.4101324
0x26c9bda2eef8a5b344fdfd96c346c3094e293bb3,100000000
0x2707c7cf37bc61c934758232ddecc69b31730ebb,10000000
0x2733ee3c7cfe08ee9a228830e322e7830d4603b5,36.4091768997541
0x27849afb8ed20a82865b67aec38bd9ec8a94345a,10000000
0x2787d30c13f969aa63782489b58851115a0058d2,100000000
0x27cac1bb3e90c168542fb877142952a645ca4ac0,10000000
0x27cf942d8377d4c4aa812110a6f07065d6220a34,10000000
0x280370747b1d7713ecc586eacb0b599b250f5dab,10000000
0x28118958add73d65d3919d68884fc6e6eabd6e7d,10000000
0x2813bb0089d19f3f8d31a5e14578bcaa3d75df6b,10000000
0x282897c6f7fce19118b4ed477443b328fd6fa9a2,10000000
0x28aec448308f568f83a1751792c8b45559893aa0,10000003.5971532
0x28e7690d8e82ef71652f4ac842978c75f679f66c,100000000
0x28f1027a5bbfe932b53b1aac5b91a10b4ed93dd3,100000000
0x28fe5e4a057670a681f96fc89e8afa11511c8b60,10000003.5971532
0x2911871f59ddc831c5cc79e2376a982438359b8f,10000003.5971532
0x296c2df9ce415d54e33dcfe55f872ffa3c8ca721,100000000
0x299756a4b48588024c6be7fe05d04308a588bc58,100000000
0x29b9e3028044e3302538a9880b83ba608555ad73,10000003.5971532
0x29e168ab7efef304eedfaf3bcf2a78f92223c023,110031336.051663
0x29e8c49c01aef2fe32d0e31a7587f11756cf75d9,10000003.5971532
0x2a10e5c8dfbe4f08888db04a087be5e8295fc93e,10000003.5971532
0x2a46932d9c25af519d8834838edac506e59f49fa,26077.4303550177
0x2a8981c7c28efa9b1942c91e9584feb44b82c954,10000003.5971532
0x2aa1b3c92b71465e6bf5d3244a6e1262aa4c4553,10000003.5971532
0x2ad47cc1786b68db484885568dae3ba8fd69ed24,10000003.5971532
0x2ad7ce7d80b0708a89e8e736df0eb3c2dc5e301b,10000003.5971532
0x2aee689a12ad2ad5afd38e32d9fbb6f757768eda,32084332.0031061
0x2b25bda4f2c765d056d7daa1583c1bbd0e4c34f8,10000003.5971532
0x2c0fbe57a5af73e31f563f0b8bc741c228cd2074,100000000
0x2c48b32ab5d2950c7315f141677c58a11cd990ea,10000003.5971532
0x2ca14a95b398fe484298c3f3d5286a6eba0d0941,10000003.5971532
0x2ccc39f5de21a76d6ee958400ffa05416d59354c,10000003.5971532
0x2cffa565827f698106bca4e7c0fd5b828fb8b4c6,10000003.5971532
0x2d2668adb99509ed92475c4b39dc2ea53f20f5ec,10000003.5971532
0x2d8fe3bd7609f723d66538d23cae65d16b7d42de,100000000
0x2da0e211f7d85f64751d857a49fa97926c52e0ce,10000003.5971532
0x2e0421f753818ff71db25d262182229b706d885d,10000003.5971532
0x2e2c74d95b49c1175c74eb90f5c804a75ee58bda,10000003.5971532
0x2ec0f4dff86471bd8ef4655f359e6229a513b5ab,10000003.5971532
0x2f73b3c638d512c343b32411b5dd66ed2f6a1458,10000003.5971532
0x2f88f65779b236f007e472449c7ecca52ad73dea,1112810805.38312
0x2faaed944cbe097a4bd5b901c0b207ade3eb73e8,100000000
0x30d396014da5767803c68597d415c0de176e4d1a,10000003.5971532
0x3120670b117855b54306c548216a4c25dc704982,100000000
0x31743efb5c12cde41eea5dbfc5835ae50ab5a09d,10000003.5971532
0x3307b3f98a45d35098755656951de69cd0553330,10000003.5971532
0x336ab09a2c4a4fef9956d8c10b5e34a265d76bbf,10000003.5971532
0x3398904bfeab28bc5740eb0b4dcc36f059823a55,10000003.5971532
0x33d14308158623a785b6e85a30e64dbb16b4ceed,10000003.5971532
0x33d1f7eda55c4dc9c74160bf36eb90762c195ded,10000003.5971532
0x33dd3205deffb4c0ae160e944f160f991b4d1c34,10000003.5971532
0x342eafedc7191d334d4655a8f5c9c6fc6c6c0d9a,10000003.5971532
0x34327f40c53ec7be3630ef53854e7b8483dee842,10000003.5971532
0x344812651a6f4b77d413f7a2f4d8cf4bb9d7a283,100000000
0x344adfc163f2f060ba924a0f36dc09581de5ac28,100000000
0x344cc3951b99b50671f5322a400ca095c4b21ea1,10000003.5971532
0x347c893154010fce61403250489940983f353baf,110031336.051663
0x347cda28e9aa3f0f7a6308c0c7360a7df095faad,10000003.5971532
0x34ce30ec112e72d73653a295992d56115e5d84f4,10000003.5971532
0x34f75d56876800501f522ac9bf8691df6de39adf,10000003.5971532
0x3503da1d2991342e1ffe43ed452d028af5716666,10000003.5971532
0x35526ff6a52f76bf22a623c3a159a0b7a1a557b1,10000003.5971532
0x35863f440340d732bf5e01eefc5297d3dd5adf3a,428728017.812049
0x35ad3b2886a84b6ed29447f50a0496caae60c7bd,10000003.5971532
0x35cb98ee11a75c84af9aa83243818ea8ff6a783b,10000003.5971532
0x363682be0b8a67a6fbb40d5dd44d35011e2cd68a,10000003.5971532
0x36aaf360722934353edd0fee6a5349e510c16f32,100000000
0x36dd0a13d25203ccae225b9097029e693c61049d,10000003.5971532
0x370ad7de76e30443edf985f95fa55dff2563cb61,10000003.5971532
0x371769fbc5c091645d9a9444107ab742b419a3cb,2145652439.91438
0x377ae0fdfbab42621b29aa0af1624e3d436fe002,10000003.5971532
0x37e09c5d319a60063fc28527f10f19d226c9fdde,10000003.5971532
0x38114a7aec6356c1a28dbc47b5562e1429da1c1d,22659276.0356339
0x381a8a10972138e54f87ceb4cc7eb2467eea0daa,10000003.5971532
0x381e89c9533a67888e515e2cc5890bb8e79b3192,10000000
0x3825a5504e57702eac932e4c179be556238a73c4,10000003.5971532
0x3847cf0a4cc6ea816899731609a1653a85db72b4,10000123.8334982
0x384f2f93517b56bdf552dd822e0456c4fa998fff,5423535.62679323
0x3898e4d0e2d2426247f554c40a269cec4675eef0,100000000
0x39422d6a1040d77d2605fa0725222763d0b01de7,1733180658.19711
0x397f81bee5d2789ef6eda72151a75631684334de,29505043.1553135
0x39b80ffb251d3ca7c6977aaeda1f0c2373d32438,18906469769.5566
0x3a1a164389f859d7d4f45a8d60b4309d47594d8f,10000003.5971532
0x3a401c2a8cbc79685d631dbd653c92eb50100895,100000000
0x3a512d8bfc1138dc8d6901b1d4b4d342ef81eb54,10000003.5971532
0x3a9369c2e1d7c11c21541629811e5fc13f2b7cca,10000000
0x3abcc945b9fd2bfc3214f495200b9ca16605fa5b,10000000
0x3b28e334b9929edb52ba8c0ce305d88bd8813dfe,100000000
0x3b3499d868a879e3e7b764cc4798646c8e6138ea,132421808.711328
0x3b42a777c7a43b9bbfc4560b70480531c7e1faf7,87750035.4165229
0x3b60d1d0c5160e171ebf3b67b30e03276c159dba,10000000
0x3be4547b4c0abc2bfd083ec875932ea390ababdf,10000000
0x3c12460e4cf8d463c88f8c2c0dbbb9784c5d2444,10000000
0x3c54d2213d4108c10b24e541420a3ba8bd4cb2f2,10000000
0x3c5f92fd46253093cc6f1bae41866f9f71449b72,10000000
0x3cb749f1ec174d47ad73dbdc03f8f883bc0f5b77,155388727.152886
0x3d7ac7af4808e1535f2e109fc9c8237ce4c12ccd,100000000
0x3d7ff3d5798caa4ac82e34f8d13b5c831c3ea54f,100000000
0x3d9c839be41e6ca73e8dd8042d65344543f371bd,10000000
0x3db0965b03495a3b93b1b9514a14acfda5c2b412,10000000
0x3e9a7032371e4c47671ee194157f6b40c83c1d9e,10000000
0x3eaa0ecb2a2838eee02fb280c98e740cc13f4c3a,10000000
0x3ed52aa3be367d22c8d79ca78c24a7779afd30d3,100000000
0x3f3e6dec962ce8a319432261f45d57eaf1dba5df,10000000
0x3f57fc686a44028b8c04b154ce141b1915716efe,10000000
0x3f5c7d73d1f595f8d7175be95f91cfa6b295cf48,10000000
0x3fb3d32aa62e88138463c8fd15365a864a07609f,100000000
0x3fda44ac52a500b8c8316096aa184321c1997823,10000000
0x4088291be441e6d1e33bc340c5ad358c49ac5917,10000000
0x40cf28ed8b2e57eada634f1b8e843a3af28f1c39,10000000
0x40faa57712b977cb9df9fc807b99b8ea6076f1c5,10000000
0x411a7f9e8b15976c956e3862047c5d98bf53dbe0,10000000
0x411f46f558aef5f1dc9f36de545f6f3f81f04b08,10000000
0x4146a01def37bf243e38ccb90c078bc2f895d31e,20002075.7619073
0x41ba88f619328380187118014059a6266188d74d,10000000
0x41cfb3b6d387a51272acb4a66e07f3834432f6e4,10000045.1815156
0x41d4a1444b457d211fa8e58e51f819d6c2a4fa82,10000000
0x41e2625d28ff3a0dfd67f6c827eb96008f4fb5c0,10000000
0x41fabb3055b01c2877a1fa6d0985ed570c46863a,10000000
0x4228873cdf2539f951b43c4ede1e01a83c13cbdf,100000000
0x424b9e156d79853cfc6e276a539b255c8d273bd6,10000000
0x42517ed067e74f1dfb222ac0c88cd2616057f897,10000000
0x426096cf0c90771e4264becc9390f1007d237006,10000000
0x42747a6e69fa7a88d800b10a149470b1c82a3a97,10000000
0x4282e29b377fd8a73f0d1ea039e4848cde740f3d,10000000
0x438ec309373e1b4b037b3d19a95b9cba98c76b55,10000000
0x43ffed8587c4497403cd25ee30099d65ed950e03,10000000
0x44d90039c67396a72a8b2bf05ca4570960aae142,100000000
0x450a53194e3454884b4c27ead50521cf1b2f86be,4035240.18934829
0x45af48d9858d60fc662f2c318969d56db3c1a155,100000000
0x45b3bd5b176c0c067db65abb70ff416ce18dff79,10000000
0x45e4d738f01214dc452e59f9731f872699625575,100000000
0x45fec7923f9053cf9f6ee1713880c2658ab71a24,100000000
0x46186bdd256b609ee22356c918a5b48ab17db9e3,10000000
0x46199066a3ab3bb2b43afa6ef66fa6232b4dfe6c,100000000
0x461b5f3d17bf5eda97023c062470c1dcc0d0f80c,10000000
0x465b834e83e08c4e5c2772a589446115073b7cd3,100000000
0x46745ca874004112c1eff27c870aa8bd3623e056,100000000
0x46e8c085c348787237499176159acc5a449fee27,10000000
0x470a8d6cb938a2cbbf32104fef43d9a70bc61a22,10000000
0x4765c308f8c5e2df4135b7e26b179fc70bd1f856,10000000
0x4771a883088cd7beae45f7d84cfbfdcf18f726c5,975000.009009362
0x47ba258d1e7aa013d4164843955c5ed919c45c5d,10000000
0x47e2334c044156897ec88cacdba281502a6ea96c,10000000
0x47ed23ca69ac92de77fbf6a2ffe8ebaf7254ea0f,10000000
0x481b93fc2b7da4351f589d01fa840eb4e5997871,10000000
0x48221a0a0f9e754bc2d127a14e0cfde3a33f6250,10000000
0x48576c009ea0119134548b939052d2b57ae05133,10000000
0x48688736cf8819f648a3e0634a1f00130d8a46be,10000000
0x48dbaa70ff8c1a831a0ef285d56c6a20dc41446f,108991622.350104
0x493080f04cc6dc40feb86591196c0ca11874604f,100000000
0x4954a6b7402cfb0ded423b5cb428138864da7ecc,10000000
0x49880a64ac230d459c98e331dfe56558160ba7f5,10000000
0x49d4c6ab4720d093e3bc94b9201c033521f56b56,100000000
0x49e18203ac422d3a0098859a90515a347666e9a7,10000000
0x4a03e42e34a123f1c15afe549bdb1df0f6317f6c,217847.595140487
0x4a3e282781760f56d57f0c8190a561903f3f0ca2,10000000
0x4a650a905aae500990a426f81fdd4d67f78cb8de,10000000
0x4aaa68dc0049d8749343f05ba27c29495539a759,10000000
0x4aab1f7fe5373b0719029b76351f0d98723a4dad,10000000
0x4af6e24964ca65dc754cb7e18ba4ef3dc4d6623c,100000000
0x4b04a105b1b7cfcd39837fb2d9b381540f1a7370,10000000
0x4b0d63135cdb97719bd80d7ec269a2e54fe5d5bf,10000000
0x4b5ce31dce36e1dab6500366a55a1f4a139dafad,10000000
0x4b6adfff0cba13b8af5efc4543f67075a8c1a13e,761313783.819555
0x4b849eb279d5a8d4533f20f6a2552136dc266c29,10000000
0x4c97abdc750430498cae35664e00e3f40ea5175e,10000000
0x4c9cda6b9470ef102c1f853303555173e54ffa53,26966240.7845913
0x4d131b277a48e3a8b83f5ecd2d19f59c07594603,10000000
0x4d4fe674e2264e49168f219d920c454b5385634b,10000000
0x4d6ed86afd3d1cf1d1007203f64efd07dcc0a724,10000000
0x4d8e49e5cfb6ad5ca6d0352acf90ee941d343aef,10000000
0x4e0c92c96d7e487612717eaef65c24bb1ebb1866,10000000
0x4e6ca782368e904012a060179e95f33e2cd7347d,10000000
0x4e810d97c1c9c01a1a503155dee13212feb114d9,10000000
0x4ec5c1e6665b28bfeaa749138e78a7af41334d17,10000000
0x4ed99490f52f286076c55a68eb4a5aca5f11e297,10000000
0x4efd58a2abbdf8ee2a275dd69dd7de6ffc0eb1b4,10000000
0x501b085f14d5441793d8b19703fb54659a4cdcbd,10000000
0x505abcc6e277ac6dfb500bf75315a3e3d2ae07cb,10000000
0x505d29b5395ac43957140baf078afd6532a11290,10000000
0x50620f89e0e93169e0d4f69f9c1280e1e7d90668,10000000
0x50abab2e07c661dd820fff9e998465f7e1b22dc7,10000000
0x50ce46bd759afe7ad96cf6b8111d8dfaf54cc32a,10376131983.4243
0x50e1745f21b3a3129ac1ffebc8bd2d5843d93ed6,10000000
0x5191d986e9b01c19352813f46e71d77a7488b758,100000000
0x51c2702700604a76bb04429b829ea46990324404,100000000
0x51d91748749911af32243d33de157b2021401600,10000000
0x523e302e8bd3abd97d18b5cc579ef15db7b0146e,10000000
0x526b4840f96a34949c1c0651a98a4fa660b0172a,10000000
0x52cf07d1c703e25ce9836dcc799670e8fb2f0130,20234452056.143
0x52eb009ca4df00c62f2181ffaa577c7ce0849d7e,10000000
0x5314ab7f0e246526a12b7996c218798be8801672,10000000
0x53866eb579e8116cfaa88f79f72756119d48bfa5,110007157.035355
0x53afe8c125f41d7ee78f6e4a38391e7ec92f9da8,10000000
0x53ce838d63763cf6272b22ebb8c56feff775d983,10000000
0x5452717f354804229915ed445f8993b8b1b1cc1b,10000000
0x54b9fb76e5b8467419ddb6057b13a6f6d6f270ed,10000000
0x54bf144127661ab8e0d4c996673534c4d143b20f,10000000
0x54c902f74ae72fe09b6166275c8a883263d0437c,10000000
0x54f57bef1be2666c654aa2dd8e74f78d2b128f9b,100000000
0x55132471331f8332a4ab4ab6c9512d9e92708573,100000000
0x55554bcbbcf8557313d497854442d2f7dcd6e9cd,10000000
0x557b462894ead614db9edf9016d3b4dcb4e1d9c5,10000000
0x557e972defc498a6b092372f9d32f7a920fa4fe2,100011251.142374
0x55abdcab172aab430d9112b356ccb6be952359d0,10000000
0x55f9ed4581eaf01600ab280b79d8f6c0b62f52df,10000000
0x566ec10c041ee4c49125193bcbe2714c767ff0a6,100000000
0x5673f4024937eabfcfc171f37195348d62611cf8,10000000
0x56a2cec0f87a40700f3125ee0398a37f12b83c16,10000000
0x56a3abe8b7a4525d0f6530a5be261c41852e69d6,97500043.7202614
0x56e367c13a979b1cbf7769bcfda247a65cfa487f,10000000
0x56f65be412423a8c89170ee4b17fd15af462a3e5,100000000
0x570bc761a021e2fe65cc2cca668b7613c949b966,10000000
0x573ee5bda922f38a6b234a10ce1ab07df84d2d83,10000000
0x57749d11bb6aeba08d9412f4e6d6d52b3effd8e3,10000000
0x577704b66a0554ce944e9185b7b851fee4aadf4a,10000000
0x5777d3bb73898788f87b708efbb1bfd1abd3ff89,100000000
0x577805f155b3cdacac567d9deac62cea7ba7f704,100000000
0x57b69c5d79e7e6d09a714933c80e9744bd932b09,38.6827043582923
0x57e60614b2ce1e6a3d218bfe9c855b6faa867153,10000000
0x57eafccbf9736e4bed87ce94ef82db7264003c16,1.80935723741398
0x580c6baf349b6105334c8659aaf0c3547a2bf7d9,100000000
0x581f900fb75d4c37416f1d3ad86b815b4d07a884,10000000
0x58646d2b98c7b8f48427390b1f86140df0f206ad,10000000
0x58688471054f1ab73be9865407de1b8fe2e58f17,10000000
0x587b9fab2751f572520c8fd64b2e681714d48cc4,10000000
0x58aaef291cce6d326d43952b3b7173aeadaab37e,10000000
0x58b1b7a4614b126f32421c2e47a9398f0c01eae5,10000000
0x58cf6844e07afb042db4ad0bc37e8e9d497e086a,10000000
0x58d0079d574c3cad97e9035f38abdbe022660acc,10000000
0x58d50673dcd3100e8f961b39a7d40522907921ac,110007126.261398
0x58e324f95b894ffacb875445f331adcbfd191229,100000000
0x58fc3ce193eed0889cabc714355ed135a8b17388,10000000
0x594f879cad31f2c671759264194fee05658e1f3a,10000000
0x59e127b470becffbed3320856748ffd955deee2b,10000000
0x59e69fbc1ace8342622eec331f19dcafbe15ad22,51320429.7746696
0x5a08f8f1dbc3a661da6f2728b0251b38b551f5a1,115.056729874302
0x5a1c0272f6fe967bda63dca77848bc57f1ba6c43,10000000
0x5a9c00cecd3d1f10719d24da0354c543bbcf43f7,10000000
0x5ac14cb24dce00a816579d2e313e83edf8a458ca,10000000
0x5b16402d5bef6a1312a86b330e379e045f806d8a,10000000
0x5bf86635ce1900fafac78a6ef58a4e5183ca4eb1,10000000
0x5c274215d4754691caf67b01a2adaf2059f2ed95,10000000
0x5c911f3a331560227b1733c0859d23c0ccf70d1e,10000000
0x5ca2ccb0a103821195b3d1712a7941a2ab89e58f,19750057.0337174
0x5cb663fd7c4728b3a80a1d62598a59d943892bb3,10000000
0x5cb8d14e24962182a0823af28bdccab96ccdcc0d,100000000
0x5ce750bc75a9da2cb552928c6001c5e2c1dadd73,10000000
0x5d18d30fcb8dede9761e8f3c4f5f66249057ba20,10000000
0x5d22e73441404cb4d53bb5b1fe3f5c6690bfe448,10000000
0x5d306c15447fc924b3d0834beb7363180780a7d8,10000000
0x5d377238bfda6397a180b9b6170d3f8dd4d30d96,10000000
0x5d45e89a30b895e75cb70bb2c179316869e05f1c,10000000
0x5d9df0fad1b95a3db29e46d470fa232b74629972,10000000
0x5e11a792b91cacf9bbd1003fa0869fc6d153d9a8,10000000
0x5e1d82770036db3ca083aad67362692c471171e3,10000000
0x5e2bf1748f0db666377ba84d78be06b79cb74681,10000000
0x5e330349511420337c158aa3118e00788f97d669,10000000
0x5e777f8ab57c6aaa3c4f55fb05bc7880a526fb8f,10000000
0x5e7a7e1e760c1dd7c37192231fe7005f54b027d1,10000000
0x5ede32aca8c365671796ce00d298cc3eee1ec895,10000000
0x5fae82c4ab84fd9f9696cfebcacd559477c19ed2,10000000
0x5fe9c1dc216eb6f92e2a6f6c8f8138013ebc5755,10000000
0x6071fc3ba1bf12c043cc719477b6e8879c24012d,2128721797.62031
0x608180b5e7fca763939312515958ac4340aab9ac,10000000
0x60a06aaaa0134b5a824babcc72a8d2444abe4dfc,87023301838.8885
0x60bd6b83bb5841d8dca6d0681d2bbc33b8127864,200000000
0x60c02176c22d1da9878bd2394df6754124f06a98,100000000
0x60cc73b7391f44899d4f3d09ecb36f21704aa5be,38933.049792785
0x6127cb39ac8e6066c469ace0edcc3506feaabf94,223699.037122153
0x612bc2c4d5765ced8c3c057f48899a6c714566b6,10000000
0x618fb358523974504605211603836b8f0840fc82,100000000
0x618ff7c758bcfe00cce6256881963bada5a09b23,10000000
0x6216f6e6bf5f0c0af150cb049ee53f7097fa6063,10000000
0x628d3ad50c88823761095050423507f63b6da8b5,10000000
0x62ee8b67191d6708f64fc3c37e53b955c9adb914,110007126.261398
0x63a7c6be3f492b152f4cf08803cdfee2628ade68,110031336.051663
0x641549c12f27810f9fcb13745f50a877edfbde71,100000000
0x64223f5f417e63e56b627fa7fc35533e92351f4f,10000000
0x644a7158c86b050160dd28bbf5fc8d6bbcf4e8a8,771845437090.762
0x64a6e0ce31bf0922497a7798a3a4af5407acd155,10000000
0x64db1db90888f2e024876f27871d3ab77a56415c,1285089657.07514
0x64fdc844bcdc7cf814cb1105c1e02ef68144c113,10000000
0x6541a3dcbd9ab6e07b3933fb03b14b8eb01ae3d9,10000000
0x65452bdde090509fafed9fbcdc4362752394c8f6,10000000
0x6559c30d173268883de079b680e11e05ddce8537,10000000
0x6599e63e0ac6044f25803e6e16dd3efe64afdd81,10000000
0x65bb6e01ece5778f89905fea0e02f6e0cbfbbed8,10000000
0x65c337b3d2b4c2e208801d95ea55afb7409eae2b,350038761.856251
0x65f80e20cd6d3472936304892683be75787e338e,10000000
0x6646eca416f390d5902c0d22ade2ee6dc1140a57,10000000
0x6649374bafda8f3b2d2cea250bb8bf46455a5f79,10000000
0x6653944ad4624374d0ecb7a9646af0cd6ad90169,10000000
0x6673b753cdfb0b7642120e413654f8281a713672,10000000
0x6694fcf259fb4388276b0d2d498a4644f843fbe9,10000000
0x66b105399b9ab94795d9b88c7d5cc2ec3448aedf,10000000
0x66b81ce05f127a0df4e23d1e582cff973ade8c4b,10000000
0x66bcea928cfad730567c91b3010f8fbde2eaec7c,14691945.111631
0x6707f1b77dfbd9e3a044deb3abeb828bfd62a8e4,10000000
0x674c8bdd885792f48d13737ba469f10d6639190b,10000000
0x675599ac1b4fe7de5a2332a1f05d666e90377efc,10000000
0x6786cb2cc65a96c76c9eb54b1a8e6c1d54b6d577,10000000
0x67bd29ebf8219fd5fea92334ef89fc47969f81f5,17412062.2819378
0x67ec0bf663af8682f7228adf55ec1088b77fcc8f,10000000
0x68170c6337b01cd1c594178dec0acae8d736a5ac,10000000
0x682d7d84066e2167eae1997bcf33c1a911abe296,10000000
0x684c7dbdd5c0f19b79aa72eeef68e4ff1fd80adf,65239.9129719258
0x6861327768667bbef9ca248c08839b6f75a2ffcb,20218403732.9409
0x68e141210a2abc8adbd0a1989f010d79ef906e20,10000000
0x692b353c431e72bef4fccbe29f2ff2f0a0837747,10000000
0x698b758fe6269d9d85ea7238f088eb3a6019f195,10000000
0x69a02b705592832de29bd94b004b89779902324a,10000000
0x6a0a4bc55750ab59fc6b31e3a7ac04310b9024d2,10000000
0x6a3dfbbd20b6f5307944254fa541244805966dfb,10000000
0x6a3f506d1e80cfd45ad3c996d4b94c0229c4f88d,10000000
0x6a7787123ecf53ab679b6b4ccd46d3a2cb370b0c,10000000
0x6ac5f187cea465a14a50943aa7afe2895df5197d,10000000
0x6adb76bbd965749ec57e128c60a91fecdaabba06,23082303808.8856
0x6b2cfe907ff83296fb73e034d56260c2bac8330d,10000000
0x6b6ada944b32237dec2dff8a63fd74c67e330d7a,10000000
0x6b783e617c8d5247dbb195049a42a9dad0bffcc0,10000000
0x6bb417bd5b20b6b816ac5caa20acb9a265468f28,10000000
0x6bd34353377b55b4945f90ef1612aa1b944e0105,10000000
0x6bea6c617994b17f755681eb9d94b4fe4e236cbf,10000000
0x6c12a7713c10b32412ef387e90e46201b53b5262,10000000
0x6c641fb3108174708797a3a13f42951cb908a5db,100329258.250373
0x6c8a50b8f6cbe63d5aa0838582c1e0261afce017,10000000
0x6cb7db5ec358a06f166345ba0f18bb10f4863c21,10000000
0x6d6a7ecfc24f6bb84ae55c2a87e0112854249140,10000000
0x6d76c6514b68cd55169c6db5b8f9d08f12decac8,10000000
0x6db2d9eff787b1ae57a67c99b471770492fd7ed7,10000000
0x6db430104ced77df20c8163959b5298a7b9413e3,10000000
0x6e14d51264a4ab6bd9df5c67c4996f0db159bf54,10000000
0x6e16c2ad9a8841d63800adfad491015a35e30d35,10000000
0x6e1ab7113d7757da6aef7ea7600d38c220f9b3e0,10000000
0x6e2455a40e5eccab803001708a9960b1622cd138,10000000
0x6e6904efe0cac4ef38db6bc12f8f4b1919c298ed,10000000
0x6e8c3b746c714d8f14441bf66ddbf86755646a7d,10000000
0x6f3768ba923223e359e62c2c5993498b59ca5425,100000000
0x6f5f29132c6c491eb10fbb6ccf7139a52398960d,10000000
0x6f9f83fe1c0c116737a2eac5ef3621122a4e4a49,990000000
0x6fe31941903d168dc9027ca2823e803d42491bb1,10000000
0x702a44af3f6c4e2b08d2bdc9ad11e6947622f106,20235850993.5389
0x70a05a5e5ae0dc898a9d7edd18e3b78618b4efaa,10000000
0x70a625ba33a58a70b2196b433919dd0efcb9306c,10000000
0x70e1cb759996a1527ed1801b169621c18a9f38f9,2577212885.95648
0x70ee0670464ec34c3c94fd1effa649339d9d3dfa,10000000
0x710f9fb07bb5b4ef4482c952454d1b869ee33f6b,100000000
0x714f6aa2b7ba9114cb20247bd8e6dea0588ec0da,10000000
0x721b4cd9ebc93ae72bcf3456c5ddedc8ecf74a29,10000000
0x724b31f22c34d792c306121e7c15676cc5f4bfe5,10000000
0x724f852edc247de2e4def8b8ef4581e84e14c141,10000000
0x72879b0d802dc056fce384547545541a5ffde09f,10000000
0x72b7d87c4e44028d7bd5f3c605c1558945e3acfd,10000000
0x72b8734a72dc21f6020d023ad44f37149f4c42bf,10000000
0x72c3af6396cdd713198b35c98367a1227992ce6f,7000032644.90223
0x73063fdfda3ce7ce52eb5b0662c9b3888a191dd1,10000000
0x7309621705dc0613541041b1a7fc25f9a8ed0853,100000000
0x73d166a44492b44691027be7aa6dc980ba3f6b45,10000000
0x74319b3339c49aaab80e4d125429b45ef90590b2,10000000
0x744fc5388e92192d708d4fc8c4f3f6696d6a561a,10000000
0x74ad874a31a6c39e2b785815c6df52995af207cc,10000000
0x74bb4e4989fcff138bd2327861ed1fbd7dc58ff5,10000000
0x755edcc947e5168965b90518dbdec85e0b2096bf,10000000
0x75be24116d3e75497aec0a65de9b7a7e30862bce,10000000
0x75cb81f95487c89c29f9a9cc664a54269704988c,100000000
0x768e104fd68ea59066573cd0a4ae37d1ce7a5b99,10000000
0x76b17a6ac8a78ed5be03e23295e7abaf8d13a1a7,100000000
0x76e72529ffba34602ded5f633cdaeab5343ece7f,10000000
0x770344689c54aab4a03b2462060d097d108faafb,10000000
0x77b29f42c865ce2785e450f44dc049c2c79360d6,10000000
0x77ecb7d1be95bb2f1f03763e5a5364e4f837d202,10000000
0x77ff80f5d80708510184cf56ca8fe7d2b87a13bc,7889772441.54277
0x7827c2c9a8cebe6b87f552e334778e1ad15f2368,10000000
0x78379c924da0d092a847b0fbb7b7066f074bb68f,17659451.0109289
0x7886ad834484e953f47cfaaeb46ad9af0137ff12,10000000
0x788b3d02b5406c1f7c2b88d86aa9e7646e64bb37,10000000
0x78939e10e711d6745738e0d397d620d85efa957f,10000000
0x7897f960ac1da237f3b3d33621a23af65756a28c,10000000
0x78e737aefa68bd4221ee4f5c31810e90d204360c,10000000
0x78e822cb5319588028d3b7288bdf4a8659f6b27c,10000000
0x79398446841fb872ceafdef9571845d920cce09f,10000000
0x796777998c185660508525cff9db3fa6c44b7dcd,3.8570282684183E-05
0x798407e234f5bd490f0e84253d62355ac8bf9942,10000000
0x79a796095b34da4bfd96698bb3260f2bc10b2b5e,10000000
0x79a97d5b5f91f4b981b3060e8f4ebea71f57f1d0,4049447279.99355
0x79b0041df037243b501571fff131628ace781e0b,10000000
0x7a18e2918daf48c345ea147864dddd4169a7b292,10000000
0x7a20556bef5db7116aedc58a0df07cf360d0a6c6,100000000
0x7a49857d36acbd39221309444e3352d3b760ca24,10000000
0x7a8f94051c8a575f07d0f6e53c5f62b78d49f320,10000000
0x7a9c17b111a48c3d02cffea79789886d7ed3a485,100000000
0x7aa02fca9d317ea0711603f7419334614da79b3d,10000000
0x7ab0f85e2de9c89629adb874a5cf0ad33b3a6912,10000000
0x7ae75fa86212522399d36a00ca88f88c84580ceb,10000000
0x7b90e49597d331914f42f3749ea7b310501d6c56,10000000
0x7bcbd5eb584c525391153d131e12583f4c36e484,10000000
0x7bccc82809a7b8e4587ea2b4cbdcf03f3ebe6ae3,10000000
0x7bd26ef5e441303f8aa2d69b97f2a6f7780509e3,10000000
0x7bd274ddf38738117f012ab486a66de15f93bd56,100000000
0x7be242ebf2c9a22e6c3485fca057bf94778fb829,10000000
0x7be49993dd151392c049546d1690f7e7569c968d,10000000
0x7c0679dba467c0e6e9333fca1f6873b1fca68f77,10000000
0x7c1525e84ef9cc5733fcb2e9f5b6777d7345fbeb,10000000
0x7c298ee373bc84e31dcb2fe3971e47492d86635d,10000000
0x7c2b00795e18d474c2583213727110d75a63abb2,100000000
0x7c6898c6e0088612845aceb976d1ed706ffe9178,10000000
0x7c738c239596eada92700cca81dd3dfd605a73a9,10000000
0x7cbdc7b5601a77712ecefa548971b889e1707cf4,10000000
0x7cdf4506d555367fa0269a89e502687716b3bc10,10000000
0x7d20db2cbd7be785d43a060b40d92f0ca5002579,10000000
0x7d775ffdd08b8c2a7a1c00b785a99e68efefdfd3,100000000
0x7db99625ef535a1773380bb0a3b160ca747be21f,10000000
0x7dbfd5cad37435c48b96ca2a86bff49d80db901f,10000000
0x7de8da149133a8602555e8f415ae6986ae43c6db,10000000
0x7e90bd0b50dddbf53e05b1b54ad2ae094da938af,10000000
0x7e9aa0b3bacbdfdc908dbee8b5ab0ae1fc8c88fe,10000000
0x7eb1ee9665c7a3b778e4964bc9fbddc52d3d643d,10000000
0x7ecff2a33a3a629418208709eb89997890534474,10000000
0x7efc879174261604d701ecfd8e14d949e0ddcd39,20233752426.6431
0x7f3608dcb965728a1580a182ddb5eb1af951efd5,10000000
0x7f9dacc82cc981ddff5d5db2775185ccff979015,100000000
0x7fb65f9d274aa18255fd40e1ac095c1d882cf00c,1956184362.16148
0x7fe3b8db2baf30fdc17e3e070885cc42fa8798a3,10000000
0x7ff733eff52dc9bf712f8768654d6d7fc47dc4b1,10000000
0x800d6db1cea2a2719510c865ce770746c6fbb660,10000000
0x803a900af9c74974ffe39505805d3027edf56813,10000000
0x80443e831f9e508f2d0131a3b8a573cf08271732,100000000
0x80719feee7ecbb7dc71f9c96a0a6bd70ff9cb4cd,10000000
0x80800e4077f3b70752a8d07613de2e864707fa84,100329417.599111
0x8086b54a8a6a10f83cd343277eddf0374e9131cf,10000000
0x80badd59c16cc52f4d4e762e4c8ba6dd51b35021,15774.3741589061
0x80cd0acf9281909ea47d6812d2a8924956db1c64,2021847392.84135
0x813447c9aa682792a27abf70ff69b693e6aa9050,10000000
0x81706b072305d2c2bc180231089aba2df2747183,10000000
0x81b88763ae5fd71de4730e46d1f7a52a25ea1638,110031336.051663
0x81f0ee9dcfacc4fd6a6e7887c28b012b05eacb4e,10000000
0x81fc12043c5cc0340a3cc27fce407b45d03d604a,100000000
0x8217c28e9021b8c01befc0dfc36799aa12e54ec3,10000000
0x8293fef23f5cd7a5e89fc9bc4dd98094b86e3dd6,10000000
0x82b34d5bbca6d352939f745e56fc51c4cd6bd6b6,10000000
0x82bd76c280d53cd7747d7fdfa3ec297e59ab1ab5,10000000
0x82d67b868fd94cc948bdb24be7373b052876d8ed,10000000
0x82f015141ebfc731401d6643df94befdd2364168,10000000
0x82f6091696ed1cb51c48942e5584534817bdce83,10000000
0x83028ba2970371d742d10b7c2d97599ee020f9df,10000000
0x8308bc557ac8ad4681e2c5ad9d0d9e7d839c4981,10000000
0x835c4f6104103e8d8c9a340c173640f5bcf8a123,10000000
0x841cabd844efd40c0e16b2f317be35089924ea62,10000000
0x8424f425a0acffec2598551d7797ef2c49a864d1,10000000
0x846e9d3bb25aa7fdccafd0d62fe972875e03afe3,10000000
0x848745aa959075a674a32b2a3e741cd417faa53e,10000000
0x84940281c9e3d677b306c4fb89815bd07c8ef526,10000000
0x84ad946fb57b4097e698a4597ba1f3a9480b0ce1,10000000
0x854db5c41419a42967de4ec6a47c011b28b227eb,10000000
0x85502551ba1e12e122db73b27fce32aec30eb012,100000000
0x8572687bc8b4e21ceb08deececb967e662e65746,100000000
0x85c4ed1b0ccd94a46e760f7ba7af91e37c8cf9fc,10000000
0x85f7f8451826f4285ed7eeffa8ee122204eefb6a,719973447.729108
0x8606d528425a06424ff244809b437987679d7785,100000000
0x866a6bdccadeb665f7588b7d5340806ff1e2b1e6,10000000
0x86e996546c6fc1b20929ebbbf4b165e66b9af937,10000000
0x8748594cfb35f2f454bc9f3625e7854b3c3dbdaf,10000000
0x874944de3c20cffa1ee8e5e8857a651a0e200191,10000000
0x877584a151bb52aa158298df5af58960adfc7a1f,100000000
0x87c252eb2725aa87cc4b4fc3b08a9f16e76c6f9e,100000000
0x881fe41188edb3661301bcca0a5cdd8997a1d113,10000000
0x88681f03a67a52a1f02af81e81f887a4104b2f3e,10000000
0x8875d6ccc9e0970abb132a421773e3d0d21c9537,10000000
0x88820749133c04dcd7c3ecf28a745628767a8ec2,10000000
0x8888888888888888888888888888888888888888,5432000000000
0x89096857da74f49bb54ca0c4603f9ea12cd4a2dc,100000000
0x894da853b177cc26bd290ee1b84b9d5d99c7ca21,10000000
0x89523b35d2b06a1f55ee9cda1cf1f7a62e7c7f46,10000000
0x895982830e4efb7fded878ea3fc5fd3c54e46130,100000000
0x89779d63e29b8dfe1d4c012fd639dfc19c79a298,10000000
0x89a84d50c7e56056310b5a0a60abcc57d8458c35,10000000
0x89bead50a9fa2b2526bce323c9ab5d4e9f8a752a,10000000
0x8a04a35f0fc5f91373bcadb48a4c987b07c117c1,10000000
0x8bf067dd1aea1dcbb32321799799760e51373f07,10000000
0x8bfff78edbfa534fe52dd87d945dac9a671957ae,1000003958.79325
0x8c4f78b95ed05c873d92c9dbbdb821e8a98060f1,10000000
0x8cc616f4a4c747110293755fbad62b3ccde63cd8,10000000
0x8cc78346c0b3bb3f9c6f72b42701de4a97e1ee6b,10000000
0x8d3de41d374760c056f7dd880583d1f410b0d783,10000000
0x8d53477ece6f8440e9d989cf02096109b804e9f9,10000000
0x8d6bc7c0e11b68e59396e19ac2f1117e06bbe612,10000000
0x8d8451bf089b9053e49587ef01b2f584c0e5cd37,10000000
0x8d86f7ba83b38558f8c4fc45daa80c987e72b8e8,10000000
0x8dcdeaeaba8a9198b944dd413f2943483768a28c,10000000
0x8dd42a3c59a941a361de3f35aa876ccddd738c90,100000000
0x8e027694fe7757afb125a412785b4acc1ee4bbda,10000000
0x8e10af2093b9cf545094b2c1536536de8956d95c,95414250.1661771
0x8e125fd52460fb620e41e9a1b1032143fce4ff9c,10000000
0x8e573288fb191187e29fd77813a524a5dc48f106,10000000
0x8e917b3e748af383260b6b8499d192fd6b7aae82,10000000
0x8e94c7491e2178b1d1afd421a0d03f06ee9912fc,10000000
0x8eb436f99117b7ea4a02963d6b237dc44bc08e9a,10000000
0x8f0a8bacfa0d65f3f496b6be8f1ea6cb0c8a1bf6,10000000
0x8f252b1c05eb391b32e9c30b5068c7814c4c8340,10000000
0x8f7164ea2c502d8ccd9f8b826512b842de7170e1,10000000
0x8f72dd48e04c4b53cf8e5e04612aeada1ebba5d1,10000000
0x8f836f091d4caecb5c072ef832ef7de82dfb3216,100000000
0x8f8aa909d9950926d2c0a45880d68595d288e23d,10000000
0x8fa3916341fdff972a299941321597edcd9c8410,897005713.211126
0x8fae517f8dbc9793e610653a0d31b2bb6cda8ecf,10000000
0x8fc4d467fec5496ba17a9d1670ec2cd73b001314,1393548997.23919
0x908776a8b79196d16cf75575556cc36d4089d95e,10000000
0x909e5bab7e55a7bd4c66fde1b62a01186546ee16,10000000
0x90a9abe472eb77577b4fe2e472ea0e8886fa947c,10000000
0x90bb6ad3a7f9b1b6913758b02504ae519440d0ed,4145.60697316236
0x916babc1c78ff38f54cd65c7aca09ea900f250cd,10000000
0x916c38a7a97b16168832a4e0ef74bce49415b68c,866237285.052284
0x91aadb2e4095fef3541acb8f6f7b2f3aa724a4fb,10000000
0x92069cca98560df06bba195a2306c893131a6ce0,10000000
0x921a0e23446cdf97bb6f3260dd2cb7b4ed6cad4e,10000000
0x92739383d978f2da4c5cc1f432b50ddcbfc001f6,4954.70396200718
0x929165974ad946e5b0cb9f8234f04cae491761c3,10000000
0x9299f8960c634dd603fbd63237939b72571136b1,100000000
0x92dfc9cad688d4033b32ad53ad40251ba974633b,10000000
0x92f3dbb199778a201a833f847849b22e75a5d5c8,10000000
0x94648a71ddf556b446fe3c7f7ec67384b7e6933e,10000000
0x94bf625a16e696cbb6ac776d498435782b37af88,10000000
0x951219cf7647341ef2e79b263de269b4b0b3693e,10000000
0x9521c6917f0a2ba9403451e6c7add9f64e2b609d,10000000
0x9529ebd829185c1f659f21e1a999b3c104db22a8,10000000
0x956a144e52d27b971bc37ced3f515f0d8bd26b38,10000000
0x95aa9030361e848cb38e209dbf7665a91aba00ad,10000000
0x95ab69a044742d0afeb678ad4bc5e99915fbb8cc,100000000
0x963feb39de2302ca1b614c472db7c49d3a9cecab,20233052689.8909
0x9659e5354e335359c31e999a499945e182023bef,200317844.807376
0x9661e09523f3da2a978115fd2902bcd316bbe1bd,10000000
0x975272ef1ee4e92729e9f9fc90daf50b468bd11a,10000000
0x980a96b3076d70933f16df7eff9918354b0f422f,10000000
0x983c89f3a67e08a91e328cd18527cfc4104cb67b,10000000
0x9845480c2cb9a1ae7867512a409ced10bc029fa5,91403122591.3204
0x984a819c1c8739839cb725919da2b0f068d790a9,10000000
0x987ac2d3bc2a944d5ab56d54fef536db98f40111,10000000
0x987b315e8b4170873292071edac44f5db094848d,10000000
0x98caf77bbaad13b645f76696333bb89c68d401c1,239521576.208969
0x9914e2987da11afbf24fd27a2f870ea2dc3591cb,10000000
0x991d54fb2ffc70edc5a7e14a17fa45f825809353,10000000
0x993028302684d9b6ed78caa717426267a40e763b,10000000
0x99572406a79c08572be003ff50710f7e40256314,10000000
0x99b00a14954df28ee44dd3cbc88869b0e0963ae5,10000000
0x99dff0568b365061b8f50449ebfb7ba83f74f5d8,10000000
0x9a24107dafc27e562b9e5b636fb67fc7d59e4fda,100000000
0x9a2d4432672e1be1a7e51717b70a1b87c6df2e28,110031336.051663
0x9b05d6b763105ade2430e93410ca35646c0799a0,1606.58421024825
0x9b7cf83ba04aeaae6a9a11abde32251e67a468c2,100000000
0x9bbe50f8aa6ac53d61fe07a58428c10d8b305eb1,10000000
0x9bd62f640582ecab54678ac0e204f05edc6666b2,10000000
0x9bda9884813024b49f8096386f728c286bd17ccd,100000000
0x9c04851e0f28613f7dfb2eabb85933c373e7b03f,10000000
0x9c4cca90291d4948eb5401b9851ddeefa350c577,10000000
0x9c6bedd1b55d087edf2c3314894adfc5c5574156,100000000
0x9ca246e1538ec229b75f8b2c60d2cd9b561f7cc6,10000000
0x9ca3132529a5ab613b9b965476f89b44483756d7,10000000
0x9cc04e51e83d2447648514df67fbf5876e93f0e5,100000000
0x9d026213f8d0d8c7cc5cbcb68b12ed766866ea70,10000000
0x9d28bc6b734719034e1d6d038c389e3a1d44b47d,10000000
0x9d36fd63c01df2245fc5bb5cfea823dc202b6fc8,750678.744526675
0x9d69f41ed8594cbcb169dc4abbc5083ea7ea8143,10000000
0x9d6dcb1ad3301617eca114eed07c069fd9de80c7,100000000
0x9d6ecfe4408022d03ba3d6dc3e15c71793b1c5ad,10000000
0x9d98e8216cbf7bb0ab82173f34c8a803c734235a,10000000
0x9df5b07e22094c00188c27f3859fecd3428eb17d,10000000
0x9e8b15d6013348ca82c587f645545658805801c4,100000000
0x9ec2c2e84cada622feab17ea85c40cfb0bdfabf7,75139765968.1805
0x9f5248e14bd3f9a7f8a084c48d2ccb280d4a66ad,93353174040.8498
0x9f906c72f48709f96eb43523868d25dcb841afd1,20895586.4118813
0x9fd42b5b08137fbcf9a1c32008d6a7d20443f22e,100000000
0x9ff366cd3b388cfaeec961cfd582dd1aff467040,10000000
0xa053dbafba05e307a7bddede09c7feb235dc34b1,10000094133.8568
0xa089ba849af009cc891e338108aeec63710b642f,100000000
0xa10b4edc873adcd3feae8413cae42c41f720fb64,10000000
0xa11054989985edc49986eb40170d485d0de952cd,100000000
0xa187eb81b23985550792b2ad5d739df08d9cf1df,10000000
0xa1ca3aca30c361b2d62a0b2da03f8042e6ac7d29,258464725.80378
0xa21b83c84650e80e6c0f549157dce777e70294d0,10000000
0xa25415644eb1a30f91f86914ba7bc45980216f19,10000000
0xa2657506d912fa7ddf663838163f3874778b7620,10000000
0xa2719163779b90958d2f19b4259c2361f4867ebd,100000000
0xa29626311a49b95f9f6f07d81f6dd6874bc25ec8,100000000
0xa2b1903af3285f88c96aa9fd11932785526feabd,100000000
0xa2e9bc494a98daf144020f06703f5457e514cd30,10000000
0xa2f45e0558a8d6fdf50450c422ce81e79f150a13,10000000
0xa362e9791978b125ece8988a453b507aa669808d,100000000
0xa398fd50781f5daae952ace59c1863fe3612d3e1,10000000
0xa39f1102bceb06c368decf88f1d7579f785dc475,10000000
0xa3a6b5dd99502dc090223e1587dfddf1763612e8,100000000
0xa3ca30d8321a188be9673e189400d4378faa8dc0,100000000
0xa3d9e63db8534925ddb73cb25e6bb069f3f3db87,10000000
0xa3e97226c9a8b976c0e77f8d8e9b75781705601e,10000000
0xa3f2ac3b2a80d935c489ca64c7b496f72019f794,10000000
0xa40545c6cdb4c6879a28dbf3a942bbd84c85008a,10000000
0xa42fd90551d62939172999afec34091cf0372f71,8376680479.7935
0xa47323ad26abd868171cdd5e2b48ed38b94acc30,10000000
0xa4c53a6b914f27e5ffaf673ffafe8605b155145c,10000000
0xa4dc9ed5e327e20f72a6bde495455e2caaa0d4f9,1218753.89880694
0xa4f20ae9628781d8eff4e57dca732f0182578622,10000000
0xa55a7ce797a02e0f9f4f935f87af887bd25b890f,10000000
0xa58c61e8d19c3d0d9f752929a81ac6bc948cc4ca,10000000
0xa58e2ac413c441ba8024d7b48f5537d35e8b8afe,10000000
0xa5c96662ff36dbbfc5b3f94d0d8dd0fa4c944cf3,10000000
0xa62523221e85b9926a83bc458744278a7e1be69a,10000000
0xa63b6fae70bc7dc38de0ed241c8e9593f45bc9de,10000000
0xa696a9c0234af0add3c118a5ab36c686f7df4cc8,10000000
0xa6ad8aa40eef0ab6c8d66040cd3bbb6673a27464,10000000
0xa6af1e2ece651a078138191f776ed283c9cd3c99,10000000
0xa6ca5b4676e65f4499e3cf7495da80a8295d6abf,10000000
0xa6da702b86afe6715c3c5dceb9e2ce8f348a0645,10000000
0xa6f268ba2a5884d9d1f55fdfc96e33194ba5c3e6,10000000
0xa74970e44ce202c10987c1458236deaf4c149b93,100000000
0xa77bd4857798c3dec692bc3716f0dbf8e977f26e,10000000
0xa77ecd2056021edc5bbfbbe5b7a8ecacad870729,10000000
0xa7c7e710e106f3812d254a8a2dddffa7f1500fad,10000000
0xa87be5dd8a913ef37d59122a738fc609224b5b29,10000000
0xa8b094d2f6fddd22d16ab9b0fee330ff1cd061f7,10000000
0xa8c532b60976555f9e4a2dccc719b83aab826fb0,10000000
0xa8ccad113dc475381794e4318ecc60c5e9647e60,10000000
0xa8dc9b9d9d6cfdcaf2c90846602f8d6171e06d88,10000000
0xa91736de2ea21dbfe25d5308a12202ade6fdc47c,10000000
0xa94419228d74d8ec35c3a039120603f9dbdc0586,113218852446.338
0xa9eeebbdbcef0b495df1832a7af62d843d043ebe,10000000
0xaa515035c04aabf8f217bb3fa387a44f332d2314,31499363.5344557
0xaa9013170a5f859f1237f99bef7108e6243d6982,10000000
0xaa92aa2ef53d8843fcd0ed50238779e338dbd094,100000000
0xaad53e089fbcda4205e7b03c75ce4ff28b55e7d7,10000000
0xaaee299e48cce567ed7c6513b9f55cb328f3e6be,10000000
0xab3067e7b0c0c0bf99f4aa100b6b292a256fa9c3,10000000
0xabae08bd1714f2fe781c428b694c097e1efd04e2,10000000
0xabc80f9db6118867b69787920fb7e6505a911c22,1000030024.74141
0xac42a898a9d58b7c7349399507f29b8fc52531fe,10000000
0xac8f8e80425d0792955abb935ec5cfe5e6120c9e,10000000
0xacf66616c04460858a604ff055932a4228d44244,10000000
0xad2610a00447d98740bd8a71a09213e2fe527d26,200395282.825136
0xad5d1b57dd713abfff7906187fd8055cd4422633,10000000
0xae0f66f2013088a370f8d6502b027587bf7e3a40,10000000
0xae333742b411ac49dc4c15606c74c757ab51b88b,10000000
0xae3c8f5e1e6bcf98bcb716e7d4356ce765c69339,10000000
0xae4d747dc14cdabf641c21e95582961daa135934,10000000
0xaea517d296a82fe3af12e97a6851c57d805fc864,100000000
0xaf3314c3ae9fd54542f2cc561b2987fe8b991969,10000000
0xaf8a4628f8b869d4d69fba61916a77225a52ad96,100000000
0xafb7f71a3af96e0847497b4897cc7e29a2dd9df6,10000000
0xafca4f0106877aedd907f39325f14cde87ec4b4b,10000000
0xafdd9109c380e02f4a352b1265b62f60f304617c,10000000
0xb048afea038c702c861bb2cb9970de364e8822c6,10000000
0xb07e43f05af41a4330bd05cf155c4d9ccbee0987,10000000
0xb10673dea699dd470909e4bce8585138f35c3ffc,46361871913.309
0xb161732306c2fb84e7ef7f62a01bd70e25c72962,10000000
0xb16211363b4fcc0d7993953bc047d9a65bfb204b,10000000
0xb1aa11bb98e70000aac020045bc011db35097163,10000000
0xb218cdc7d87f40dc7e4d99b0c1b7d2f34fb3508d,10000000
0xb283ec154ebf6eb248e8e6cfb523aa40ae617334,10000000
0xb2a479a79479b4259122795e746a25dd7d5c57db,10000000
0xb2c038c322125ae27bafd29ef5f9e6accc1de276,67747949.7873737
0xb2ff99d529fc13a85b34e2ef1ab9f682664cde9c,375709975.689677
0xb3463c1f1390f59095493680b2a68364b708494f,58907956.3766141
0xb35598601b93b52f911b6eeb2b2fed1730e7bd0a,100000000
0xb398c5fabb966113f37d49a6d91cae1e446a8e5a,19750048.2687419
0xb3d2b08b6b9ae768fd7a97de55b46199b18a1656,10000000
0xb40fc37e583f421e24382e03f863897bdf4797bb,10000000
0xb41218bd2b2f2f85bdcb006461a2d6cbdf733d10,10000000
0xb4583d904efb0e9258ba36fadc80f9101edcb842,105000000
0xb4722a8d79c08cbb9172ab3424c3bbbac57e13b2,100000000
0xb48316e7f88fc8ae019c9d2adb0479c4da4e3240,10000000
0xb4a6df4cc288c4f29c054016401ddc8654f38ce3,10000000
0xb4c6be508ad069b585585abe423f3994dce353f9,100000000
0xb4f3e1b61ab59c5f52dec7d677d981243bd728a8,10000000
0xb4f3f54d3e4d9df98dcf4a2c68c307c62a49673f,10000000
0xb50d558147d562e7eb03f5efa2073895208391d6,10000000
0xb552bddd8eb157e6aebe3bd93d855110f9beee16,100000000
0xb60b0ce2901171b0fc3eb91036c04a9135e079c9,10000000
0xb62f3dd5576a000c0db23fd814b37c65bdae1f61,10000000
0xb68ed7aa1cec9976926fe4a6c2ef20995ac14923,10000000
0xb694b1af63eaab029567d2253e1720e1cc619d19,10000000
0xb6ad175d9480a56ac5496d54c061364831bf0ff4,10000000
0xb809fdef27854e75af9db561ea5b0dd66d3f5816,10000000
0xb8735b9593527431e170007cf218e6b17b0477b1,10000000
0xb882cf312088f0468bb8a75a722152905c9bcbe7,10000000
0xb8c6427da2d881e3212d105c8cf994a89f1901cb,10000000
0xb8f989d9fa511b5489203bdc96980349fba9c6cc,10000000
0xb947e7b35a326a92c00ca1e4cacf7c78adfa98e6,100000000
0xb9dc022db3a9873b49baec9bead649fc45fe9fab,9490.18201434184
0xb9ed4f36048d8f6df2d682f0c244799c57b1a60f,10000000
0xbab87726b7b9faac05f69082ca349a4f828439ef,10000000
0xbb1a611a21487628fb8526419114a66119006c24,10000000
0xbb23619a5f1d9dade019e591a2ef2bc7e1284d88,10000000
0xbb322eb4634e561e876de469ad9353cf73f584b1,10000000
0xbb4bf091b51204a90b2e39d4560b3ae86b2dd2a8,10000000
0xbb53e82ed01aedb98118da28e6a8c1f55dd4b646,10000000
0xbb6263e0d083e4498b47aefa650210efccf9e78d,10000000
0xbb849029b7a5cdf0b3c91004ad69af56be5490ff,100000000
0xbb8990dba108553b042f57159099240b1890194f,10000000
0xbbb9c62f4abd6bd3e7d46a868dcfc4b5991db87b,10000000
0xbbde363d3ab1b7662dd5d97be25676f6fb7f8ebc,100000000
0xbcc26bdf78b5e841a501239acf0f5958c8a16280,10000000
0xbcc63cf5c186eeef2c25983c75b081e3007d6727,10000000
0xbd002a8541b43b7f74afedb13615127638b450a1,10000000
0xbd5529d160ffc3d7bf475cfd663f58f442e20165,10000000
0xbd5c87bbb41555bd0e590912642226788e6d06bd,10000000
0xbd5f98ead7f35ce69a6543d4b8be08682c4745ea,10000000
0xbd6239c56a7127cd583b10ed460c4e73bc91b866,10000000
0xbda5858f9b3a339a45367406546f9d044f8d1668,10000000
0xbdb3e2f9c3deda6c8ab1ff8661b13204565c9f44,10000000
0xbdb77ff6addfa508bb0bdb5413aafcf3f71c37fd,10000000
0xbdbc787b29dbae084c58668ca105ca20bccc0f9a,10000000
0xbdc87b5a2fad6ecbe7f962dda9b1864ba3302ed4,10000000
0xbdfb99e584d1298741270c69020f63fb32d241ae,10000000
0xbe3b56dada103542928ac0c6332cffb0d48cdb85,10000000
0xbe977f5494bc7399a6e459933ca56ac69667957b,10000000
0xbef79ad445a7d5c455237987cbc552956396ee86,10000000
0xbf1679e44908a5ff5db04d44c623dd7ba70cac38,10000000
0xbf41b556b2e35305120e03b6007723437588b249,10000000
0xbf68a05a91075c86098a9a69ce812041d7c68fc8,10000000
0xbfaad90b794065a70fcd415ea7900cacadd0e0a7,38.5896383708063
0xbfc0ac393b7503bf34782be04b4df7b5f3454f06,10000000
0xc013dcf04ac817fe2b2218e91c9cc665b69e49bb,10000000
0xc0498d8b32ee4e5fa0db5823821454eea5e89177,10000000
0xc0fee2dae941a009317c68e0d11adaf2e974113e,10000000
0xc111852e00e1e95e50131f5cf4ccfcf5a6cd9f13,10000000
0xc19b7a307f7c8b5152ebb17a0b055c5eb4c231ea,10000000
0xc1b7e2e23b231d4705776186ed4ae01eadbf3c49,100000000
0xc1c4a6308d503a21efad435b10235f73ecbb4768,10000000
0xc1e1a54f1b80cb8343b0af1d90cde3dde18d58ab,10000000
0xc22b8b276193019cec70ad2f24302164361ff119,10000000
0xc2668337d622741a3aae9cf3e88bb2acfa5a4205,10000000
0xc2e1224a80cb239bf179cfed0fb118e15fc99bea,20245282517.6223
0xc2fe92ea17320288dd092c8e360eedb0f8de8254,10000000
0xc321f8c1cd2056ebf8cd50a95f555152f8d99953,10000000
0xc32d109e89f62741be904254ed777ee0a83e191a,1602.39132362956
0xc3a8fe60e582357116e8804ad676c8bffe07131d,10000000
0xc3d502c5db562e1e9aac37888dd69b456c9d42ac,86891612.3139181
0xc40004a2c73b8a3ad667212802e9e295850e0e00,10000000
0xc40d2b7bf43037df66e6e3b1fc5fab6f3309e08d,10000000
0xc41a055f1d95485b9aaf66a556f0f3dba611527f,10000000
0xc424a6e50cbae34c47f63a12629da147e4741102,100000000
0xc446c004ff2dff74d267bd2d4a2413589e4c6c4f,10000000
0xc4cb217a1a8625e176486c87a48e57229585c690,10000000
0xc4db2db3d131ccfd00efe80b45afc1ae29e42418,10000000
0xc58b658bf82004cff99ffb11e69970c82d54c5a4,10000000
0xc5a29f2f923b422ddac09d818a225aae87e6eaa8,110102378.777632
0xc5f145b4f372c1e12844dca9c5b560e8476463e2,64961487617.8052
0xc607cb364e795f7396e32b5022248c0213734325,10000000
0xc6b75873913c53de5c47cf83a1a3513d564e9c4f,10000000
0xc6e11c9c68fb39898cee2bc740de064ec71b1cb0,10000000
0xc6f588ab7ccbce91219c9d71b4d6f6511fd2c2f0,10000000
0xc732f4f781329bd3d459a5a7e70019c4c9c5d116,0.357521313163352
0xc7d33330ce93fb2a737dace4ef1bc08a9430740d,10000000
0xc7de154b678fe4bae8a6cab7fe289e7daab35e78,10000000
0xc815bd2c811cdc718031d8a8fdfb0a195c84c70d,10000000
0xc8465849ee7de2aa5ef1fab2d96c44ecea82c72f,10000000
0xc86cde011c306213ea08aeb68fd337aaf9f4275a,10000000
0xc8e7c4ccd5a09cd7b57fc6cf15aa1b401fe146bd,319276279.707394
0xc917d7089b78d309596afd73056d76a8a7dfe16e,1533915464.40919
0xc923921fb2de9086cbac12ea00f91a95c5160495,10000000
0xc942ba0c114737fe0ae4ab5c88ea63b763a89313,10000000
0xc977fa30aec3d6713007f58399f881def2813460,10000000
0xc99a6e838ccb83a44084f055db6fee8e10956c1b,10000000
0xca28be3b265e285625a4cdbb2ca9edb33aa68577,10000000
0xca4299204adaa44aaf9def988a6937932c69d721,10000000
0xca7e916afe00e0f3d6f8b816e5b6eaed49a3d4bf,10000000
0xcac48d482383cb7cd9515fb16295404050fa6cae,10000000
0xcad48180cac10dc6e339e16532d9fcb98ee4e190,10000000
0xcadcd41c53b9ef83d6d210f5436201454df62a99,10000000
0xcbaa38a88fad406e5e2051454811c0bfc8026007,10000000
0xcbc7a833b6b125bfa62c67c673d23803bd806046,30910694.9374941
0xcc3d8287166c2daf069614a23a97ffe508c0f97c,10000000
0xcc56c97e3fb743d36a53b9091a4b158bec810971,10000000
0xcc67d99e35190200ecc0041d33ba02fd00e20386,10000000
0xcc9021346c8cd73bf792cd99625371b28030ace6,10000000
0xccbeefe153d90ce5af76ae68fee2bebe9779d491,10000000
0xcd05c2a15278be6c50fc44998f4cc0df6f451908,10000000
0xcd0a673c8bcd01483498fd9b70413c5e00fd8950,10000000
0xcd3a6e2f0a2b6c2d651dfa00bf9d625cb7c5437f,10000000
0xcd5dd1bfdaaab07b19d5aa2139cce0af5dd4eefb,10000000
0xcd8a8a191af65b2a87fafd23af45e13d113ef9e1,10000000
0xcec23bd69ba042f5beae4202610d05dc4d590dcf,38.5748262488761
0xcef0cb1455539ace26e5d35065cb95d2b0bb30ba,10121000602.1691
0xcef875c25808551590c0790e8215036d28ce5e18,10000000
0xcf201f083590af1dcc3da5ac3d817244760ef3d5,10000000
0xcf6bb5801d87d84297d3461f3bd1b43a570028a7,10000000
0xd02da4c659aed438d315fc23d12bafa45696a95f,10000000
0xd07207d545380bcc4da985453be45bdcabe54b55,10000000
0xd09c7b0744ed6cae610cbfbb7fbbc62282aa1b92,10000000
0xd0c34841783c73331ea7fb6541622ac01a4af897,10000000
0xd0d1ac3d95b9fcad4b74c2bdc7b0dffcb8fa150d,10000000
0xd0d53f427dfdf0c536dcbf0320027f8fa58020fd,10000000
0xd0d8964d51a45c1b2ef48b466d28cb766ca6a994,10000000
0xd0e77c057c889b07d4b7ac89bd4d945b962a0a43,10000000
0xd0f99d8600c4ec602929c5e3edc418c708818bd8,100000000
0xd152f549545093347a162dce210e7293f1452150,1447964794.25641
0xd1588089886b5b351ef07d5114f3c48e5e35fbb2,10000000
0xd1d0e123f80e835aea12b028b7578cd3816bff0a,100000000
0xd1dd0cacbc4b2b3421d89ccac817cd1925ebb16f,10000000
0xd26341aa7b5e6b8244040a96baafa33575522f39,100000000
0xd29138f994574ed9b2bca9274a3e8abc8ccf00e4,10000000
0xd29f6395b5acf1ac58e5639bdf7db28e15a6c4e4,10000000
0xd2aabb84a574eeeda9d9336808130e735fc4993b,10000000
0xd2c469859c97a2fd74b37b0d53c347561575e2b3,10000000
0xd30907f5470ed15215201346c8d5e02a327e34db,100000000
0xd3118c094c5b81fee3eb2c2f5ff14ba8ac7c9746,10000000
0xd346f2eecfab56f4fcc27b34eab78cce7080198a,10000000
0xd37ab297fe9a04a18881488b4546dc391ba30dc5,10000000
0xd38519a8d878be09d33f3cfb15217525089686bf,100000000
0xd3d2ee0f63c35fbd8a75cd682c2cfb9c0d5c7000,10000000
0xd3da87fea07b09f3b9d653f161e1610d270486c5,10000000
0xd444704b8074967eb9d0e4437b006c9171b350ee,10000000
0xd46bfa4a97b8d80145620c9a19b1942090cfb4d5,10000000
0xd491f3bd11fff1c2c17a110a914cb428ae52ba02,998050502.692068
0xd4aedc369d475a0186b15acd98c9b7afd7015598,100000000
0xd4d40433ba529522853992a0fd8527e2ee2ea14f,10000000
0xd4e81ec6625905fd965a02264d323fe08116e281,200000000
0xd53e2d4f612945c7099aebb1a0da7f088654814d,100000000
0xd58b9fdee95964451e9ff9c8c283c1ce4bac2227,100000000
0xd5cc57af6b8f598b290bdf7779151e303a9b78d5,10000000
0xd5e64e6d8723fb381e04844b8597678e9aca1eb7,100000000
0xd60450ba712d3bdcc56c3e9743480ecea833198d,10000000
0xd61c1d406c39235adfe8b2ca503548724fba9976,10000000
0xd6256f5b34561c9a266b7c15046a838fbd87aed7,10000000
0xd64accaf73f8b44bc8fd2e5c2477dc76f420d440,10000000
0xd71be66cda9017c2fce69c080e5df400cb51cbab,10000000
0xd7cea6f3e4efb25ca179375bb45c48f207a124de,10000000
0xd7fa6735bdd25e96f36fbd20a0154986304fc714,10000000
0xd8179e707197b3f10487f7824dad3541a68fb716,10000000
0xd84df1a9858317db112b599be4035a7b5546b23d,10000000
0xd8b408ba2c3605d3f829c058007e1f51e2d03d88,10000000
0xd8c2d02e8bef5520a6ad3da3617a7029c6de32a7,10000000
0xd9453ae034bc06101d77b219d87c3c2ef59bb815,2047121831.45827
0xd9b7255560745f28be41954f2feb5e095edbddac,10000000
0xd9e18cfe77805fe4fc0b50f13d52186bbc4a3607,100000000
0xda31e96dbe900abfbdbe33ff5bda228f08996877,10000000
0xda3b406d57bf874b51b00f07c6bb8e3cf61dcdaa,10000000
0xda3d7dbb9fe32ed3b4455ba0507b9c66b4607710,10000000
0xda4ac8fa9f22cb1c89befab16de70d59ccf22133,100000000
0xda507db1a8959e4405a5c0af048dc34318b5fabc,10000000
0xda832f65db58e224c38bb57c334b52cf6d05a97c,37.5925365410823
0xdab8d40e5247ec66ce8fa139c38036560f0e758f,10000000
0xdb0535f2ca7cfa9cf50b6ad3f3985e3e57229e2a,10000000
0xdb1d19d71b5f3ba8f0e7724621e6687d3245086e,10000000
0xdbbe4d3a7423213a6fa711a3d069433a5d32b162,10000000
0xdcc5773f9b68e6d0c2ac1f011e0d3d5bc3de39e4,10000000
0xdccceee8d9116444127861d44611666797ba7249,10000000
0xdcfbaed82221e315e9e14a670ffef088e339a6e9,100000000
0xdd56a32d81c4802c9e41f4a7bded9bda8a7eae4e,10000000
0xdd82a962951c0bdf8d38671507d54879f364f224,100000000
0xdd9ed93920ad7fe285d2e7235c4f1a15c6e36bf3,10000000
0xde46ab46eb2f2b39e1cdb59aff4341b959658410,10000000
0xde6e15a228d82e8f8f21c7345c96f894f90fa9cf,10000000
0xdeb4c75b6a4743bb56b2cfd7143420c652743079,10000000
0xdec2bb2e3aa3236e337bdd5608915a6aac8ddb54,10000000
0xdee7515ebac228db568cd9a90d2c811fe3a655b0,10000000
0xdfb547a432373c18857eff802fc05d3a638ba142,10000000
0xe01bc1dd055881687db96633dec0af9031df7a7a,100000000
0xe04655ce3e4075e69607dfd3dee3495998bc73d5,10000000
0xe079dfd1779d8ca15032e99c92ea628e8b9aea99,10000000
0xe158890288db1c11c763ac4a92736a2740287be3,10000000
0xe190da4768aa7b93f3fa65cb371913c7f671d4ab,10000000
0xe19941944d62d9ca6304eccc7fb7997db046e329,8467678815.79418
0xe19affc09eb73e26526505a930f816f51b52aa62,100000000
0xe224e9c84b8d48ac414f5b0dd97dd300adfb7259,10000000
0xe23a62032fd5e3bf8d1f153b1474aca0d6d2b00e,10000000
0xe25461ed5ea28f807ec37f920d48c9ef47e5131f,10000000
0xe26bf59e4b5fc8eedb9f287918f58278bf382161,10000000
0xe27bca5fedf470ba364f64a076ec2adf8ff269a4,68993977655.925
0xe28532fea2157e02391b7b4b730d8787a2a15c45,10000000
0xe2c33a239011c5dda9e88e532072f0a6f5f29cfe,10000000
0xe30b739cc1da8ca242b2f05d26a8898361f5a322,10000000
0xe3320b3e9c3a2df2bb1512a1ad21f744c1cd8ba1,573341520.910163
0xe3dbb2cc5478d7814e9d6511783b49705dcf4575,10000000
0xe47bee11096c3251d34fe184345d8c31f391a6aa,10000000
0xe4ddea192956e0657e63cf36c5e854c6607735a2,10000000
0xe5111a497e023b94b7cc417d31f6c7e0491ac5a2,10000000
0xe571094ea42fc4c8844579f382ad4f938e429e5d,100285506728.236
0xe58177621af10070a61628ad6be8b7f411569ae5,10000000
0xe65c62ad9da37163be0e6f17dbf0cf01cbd7a312,10000000
0xe65fae5f79ddba19f2c5daf59f4e41ef807de428,10000000
0xe67aae8193f838e1da5fd3d58857584f8410e7a4,10000000
0xe6a16c302c15d303925ac7a8a32e9344d2fa4797,10000000
0xe714bcb10fe1857d9dfc34954a3ff5e38ddace36,10000000
0xe74158fccb9879012de1ad8352cafb5fc5223ee9,100000000
0xe7a02b4ab365374409ff7b63c820c16680ace60a,10000000
0xe7addf19e0f30bc32d199eec037d397f4b68521d,0.845337179925543
0xe7f28375662f296fc85fb2b0473c11b324e4dbc4,10000000
0xe7fa744561e9cdf2967ad7feb4df5e97c051f316,10000000
0xe84bada1032c8095480be121d80fccd46b75ff0f,113911254.922185
0xe88d8cb414cf1975065cf97dc3dd4dd75546afab,10000000
0xe8e563963e8efcf660c0be99e566f063f8a737d1,100000000
0xe8fd252812bb597bb252fb396008a872de037b22,10000000
0xe8fe4a8493deff37155f51a3f29aaebcb1398962,23151687707.2135
0xe908427dd113558dac20d7a5c6cc1731eb6e4f24,100000000
0xe908d4d892d97eb10348e328c58623669e8770dd,100000000
0xe90dcea3a10b719b1ffa0e0703db6e1a5526117b,10000000
0xe9398db28f7772c189babdd67df021a4df0baab8,10000000
0xe9935ea7c1c2d38900c5c513eb820078a9ded4a2,10000000
0xe996e7f01e975037470a2ab093d9335bfffdc88e,10000000
0xea1ebf2f905e765f140eb2bf955d1bc48e07dd1e,100000000
0xea6b0a70e14dc867fc97d4ca7a21c050541a7a3d,10000000
0xeadffad478abe79cde39f2cb1aafcf2cff342ef5,10000000
0xeafd738c06c9ca5f1c443f45033a59d34737af2d,28415916270.3588
0xeb7aab1635c99e2068c213e4352c70b6b7b7c7a3,10000000
0xeb8737fb95e3535ae0dcc878ceea2084c0a85a97,10000000
0xeb8d6906626c68a533bac66face75426964e2d6c,100000000
0xebece157eb997abd5fd91873db8b327825da4df1,100000000
0xec43d8e6433e1bb63e2d03bf5bc997f3bfe80ccd,10000000
0xeca85ab37f9227598ce6cb19b5805453d51f5b83,10000000
0xecbc379d48820f9db52e95a43cb2e54d43e9410c,350000000
0xecd7a2604c64ad3f401298034b5fb8427d6a5837,10000000
0xecf633af1b68dd1666d6079bab38c525953f6cc3,35006878.146904
0xed3e9a0219f3b323a8cc46112edc65c9dc3478fb,10000000
0xed9134eb96a8654c9376b4e36b4f4886a8e437b5,160.523358035558
0xeddbadf76494fc72bcc73ed0620bfcc7d69d4250,166519.519082603
0xee02e8e797086999be39f638406e85e36ebe12a1,10000000
0xee0624eac9034bcd6e24653b6e3b838e26560932,10000000
0xee3f728bc65786fbc4e63a410a4005b93830fd8e,10000000
0xee57da857b6dee33772760854b668ccad850e77c,10000000
0xeea51b791e76f5808cd2e1f82b77b58e6ab421a7,10000000
0xeeb0e726c5eb7010b60d3e3e32f0d685e4af3e25,100000000
0xeeea289a0781fc01d03dc1b32d30606e207084f1,10000000
0xef303e2eb1cd37176d7ff0e4f01035f667ed04de,10000000
0xef6f9940eee5b4bf476d19b55ceab67c26f64491,10000000
0xef71a6bddf3da91d64428a94b4f270b6a593f614,10000000
0xefe50cf278466e18f601b984fc10f2953b779b8e,10000000
0xf031b2a7358fdb0db0b376e896d04508ad226d40,100000000
0xf0d86633eb0e8c7a255683c51c2b1e1a36816b60,8498154.8748136
0xf0d8b090eaed68788a205832c2e2e044a33d27c3,100000000
0xf1546b010f97febb5ebeefba9c971690c9df1cd0,100000000
0xf167502093d1de1810156707e1542e78807a35ae,10000000
0xf16cab115a1163560be7026634a6a32f2e848923,10000000
0xf1f9e1bfced4682510a90149047fa97d906c99d7,10000000
0xf1fc08f416bb69587a5e2671f43f94e31a78bddb,7026683991.78154
0xf215814efc317aa6f31fb1e4aa765a9784d6634c,265641.663884221
0xf26c519d67aa93c6f122a945d15193636949e2e7,10000000
0xf2dc1e138295bca84d057df63b09b91a6b3239f2,10000000
0xf2e71a04299c252b8779fd483637aa00cf14bf3b,10000000
0xf2ee754be6cb391cef2574e1d9a725e671149df0,10000000
0xf300d40acb8e93b067f1c9a8200d2508f88d4951,10000000
0xf348b733daa2e1cda395f4f3c82d81086feedf71,10000000
0xf3532978f15650b8f1e1123bc7e935f2bff07f94,10000000
0xf38c5d86c160e9f7c166e158dae6d8eb9ed3e400,10000000
0xf38c9029f62a6f482e0044f836a1b91d9d5407bc,10000000
0xf3a2c4f397b6010cef2f01d840700d50739a1f32,10000000
0xf458fa1c61a6860bb0a3873007375568ae798355,100000000
0xf459242d2d20e3afd0856eef39ef100296d4b1c9,10000000
0xf46c3b81e01b690cec8a79b9b38d92d1dab5e1f2,10000000
0xf493d7b0492f1807fabbd831a0089f72b451a4f8,10000000
0xf4df5ae73667d54b3da7d6b9674beefa97c25e1e,100000000
0xf4f239d83b03a85e43a3441ba4500c03c75d179a,10000000
0xf504103c443d277a96eb75fbed363885638f6c32,100000000
0xf56afcf80b7cdb817c741f69b0663b643dc6cbdf,9750000.43865135
0xf57484f88ea4bc8352dae7e2cf2f3917113f1c03,10000000
0xf58a82a8da41ac41d1f210b0cbda06f5a01a70b6,10000000
0xf58d921765e74e3b68304e8656c70859616b4ea3,100000000
0xf5914526aead1440140db9481666881210e8137f,84262.2703788672
0xf5952d4b8041b47f3b6f17a8cf8416d51f3cbd52,5548187.0321894
0xf5c7cad6c43f898dc73f60fdfa4c1c79acb5e856,10000000
0xf5f0fd88f8f7d61ace022a5e93bd56400cb51743,10000000
0xf61fd55f0be100e1f2e14cdc37d5a3b05318c648,10000000
0xf713cf16f4a637b77aa55569cc8662796a6bc264,10000000
0xf7580ee078c20bb4229708ad98969e2c1e305dfe,10000000
0xf7a5c8261af2e06e03f4f0aae1c66a73799dd074,10000000
0xf7d2d4c0c6b8381a8869f56f3c90a70e8c529576,10000000
0xf80a1fd9f3bf2e26ba263e88b66be307ec91c964,35165948.6435572
0xf85fd8f70e7cbc6ca00073891fac482da147b502,10000000
0xf866c631e5eab66c6dc420ad2385cd5918ad2361,10000000
0xf8ac0489a8adfe532ed466e410711d1e3575df2d,10000000
0xf8e1836bca642494dd963d8368bd2392d52abc1f,10000000
0xf911edbcd8152459242696745255245ea01960f2,10000000
0xf94c6bf3cfddc3b551df065927f34f74a6091309,10000000
0xf98f876bb0bfc65cbf84a72439ce391e7f594818,10000000
0xf9a8b6d4fd04cbe2bd9051f59efa42d22718187d,10000000
0xf9af13b10f69d119795eb2912fb9a5e6aa03c8c1,10000000
0xfa26f60ce9c98105570b9227cbe56b1281496517,30.6610418030571
0xfa719edfe7221e15cad81aba0a44b52096546c4c,10000000
0xfa83631d79523b624e1c48fa8f25f3b389261d70,10000000
0xfa862abd5250a714543eaa5dd2249e7d87a5a1cf,10000000
0xfad3218032d9638bc1ec60432757bed0b9505e55,10000000
0xfb17fee81c189fdabcaeb649982c269e7f352e75,10000000
0xfb408fa20c6f6da099a7492107bc3531911896e3,10000000
0xfb4ecbca62caa35a1dba2403373b6daa61849ba0,10000000
0xfb5ce93696ed80cd69a4237e7d78fca61f5db47d,458659445966.059
0xfb8e71f5db11482878d80c90c7baf1b714eb6dd9,10000000
0xfbcf5cfd457051c226523504435ebebe08554e67,10000000
0xfbdeb1aac6c9848f9c9898d84ca4e14182472d3d,10000000
0xfbfe1eaf070e4bbd11b28e78ac497f475b68f888,10000000
0xfc8464786e392dc4e256552f9905adfbcd03c68a,10000000
0xfcf3387666825a4edf4eed6ff898eece5924e932,100000000
0xfd060fdd5e7161f0c4fd1e3ea205fa7c0ec0a33b,100000000
0xfd0fd59b618085f2923257840c5b50c716eca087,10000000
0xfd1ca93d9a546323dbcbb58a588246bacb6b36d7,100000000
0xfd1df59f5dc242701a85bd013c5295768be819a6,10000000
0xfd2e5f1cd5a6dc8a57a30150e167cba9dea88b1d,110113670.415829
0xfd7f633eedf8cdb6486ccd04746b5d158db343fd,100000000
0xfdd40198bc4c0c5a4fe74881f6e484e016204198,200000000
0xfddee7dda5215de9214bc8449b6ac886a77a8d16,10000000
0xfe3ce0568b9c226402e017e5aaeb1b2b6bcf4099,10000000
0xfe5a5651a8c372bd3ddb91dc610cd533e92195d7,19751187.7395399
0xfe70bbe8e45323833c86efbe5775e2061ea29a46,10000000
0xfea1032cc77eeacfae3637026dea50ebf6adc228,10000000
0xfea2dbc9fc05f7713a85abe19d70eaf100c43c47,10000000
0xfeff2fedbbf250d0055a6899e68931b937947632,100000000
0xff3c9b58fab9df27a75d0687ae3f6651275ef1cf,10000000
0xffc1616b9bdaf517f5fbcafdfbf39b1d21126422,100000000
