[0x0062d9620DEBf521DadB3595187E8b8D657CF157,
0x007541d1dd2d2b88d34CD4Ae6E766d33b3663a15,
0x00d8C42f39834E31fEee3d6127A708D582605352,
0x00e5d6e01bdAd189861fbEA7b8522027eaEaA0FE,
0x02C8B0d968e8f60cF5A079eC0c9b443fa6C53e24,
0x03580b7f4AdD5C7A9a7bcB3A9C692cD0EE9F00ac,
0x03A6aF2FC4490f21462fD0D83540e3D58D3aEB9a,
0x03EB35dE844bc4D71EC952C06d8f108261bd449b,
0x041E3D66eFab4809bAbE203CD1107d4c09B7e6ED,
0x04Dd3797aa7488580390206603789740709894e0,
0x04e93B1FC4291f263F996D5DfC6461e6477767DF,
0x05Ab1FBA18Fb6FDb74B61ce4989E614925D3BdfA,
0x05Bc2eDEa4a7B7f425a1add03e5AF72767546463,
0x062bC80AeaE28b549b262b19D40E86D3e6AAfd43,
0x06D66CEc581D07660c7BAc9C0Fefc1f708a778Ea,
0x074470249Db4680309FA8DcbBa20429e69Af68B5,
0x07Afe8D830cC9263a5D09a34cd2F370a26BfdFf9,
0x08c644c8B266e9ac03479f0Da1FAcfFBE5ffC8a1,
0x09293dAAe74A45f573dEA58B8a10E7990282DF15,
0x0AE4DdBFa9A451441aF7aC6bbeE6442B1d6c3B48,
0x0C09BAD3AB415af8Dd5361E673BBbF83351A3af8,
0x0c2EAB32865293C13536A2208151178028a51C8A,
0x0c82d786b4c97E39852eC26e1988F487513B7d3B,
0x0d61534E5B060f1F74fBF4289E9fBBf4E75b4498,
0x0d682569c4d1dD1989887d1944de50Fb95A2CAd8,
0x0dFFc2aFf6897f24aC0639c5708FE9884E202183,
0x0E60fe448Aa44c3736a0b99728aDe8BFD67A4Da9,
0x0fD06147acEC66aB36f3BA1dfDc3a76596242947,
0x0FE82D2D91B430ab27dA205871098F8d409d61B6,
0x0ff7EB0B1bD92d9F069750C5D0B2A60A2a731BD5,
0x101d6AB399284c24f2cD6449515Dc4fe43A04Aa7,
0x1038bBA54b14D215D058F12Dd84FdB7bF5333Ff3,
0x10bb24638D935D17CB3a38e2A4388A62c7FD867E,
0x10D2c806272B9B2DBc68eE94D9B8E86EA5273a3b,
0x10e8d9732E22E8edAe7189C5D6D47724Ae934ADb,
0x1288255D0c250F28FDdF0D193b43a64444cC37C3,
0x128d56DD5394918B86b6ce2E21D4Aa49B32fc531,
0x1295E84B580F03F8e24DBf8F42D5314b072402Aa,
0x12ba9Af3e81B13121aC08d641Be2eD2b09aAC26d,
0x12e1621A2628183f5638385927f57a8129a3fD21,
0x1474F4DB3E2F4D81177072fb4731d7f51831B3bc,
0x14A289D417E29764c6AF60dE34f74769a22BCC8B,
0x152565A58186Bbc9849c60cD44D82e24569cFf29,
0x156d9A34B291593F5A262BC37Cd068BDA5Ff942D,
0x15889778ad2A7fb8980C26609decc766E6F9e961,
0x15fdbcCFc622F46f34f6f6a5C2F1f0F3BbbB7fb9,
0x18Fc43B74Fb706F542a2bdD10b6CCF93bdff37B0,
0x19fdbf4A37aAa2CDa7F0a1870a7B80b172533Aa6,
0x1A086185F94A9C65041b2a43CA5FE7786727EEc4,
0x1a108ac18a9f7AD1a1d2040f7Bd916577c0a93Dd,
0x1a7d195b6895E32fa4b0AD7EB56e5Ad4076f9581,
0x1ad00C22C73b7b548420d0D5Cb3d5ccD5a4f4fF4,
0x1b5647ccc15484d10aEbbcd303A6462C73476543,
0x1bFF53ef85Bc41C8cAB7602BdD59889f659FDf06,
0x1c4723aB98d1F25Ef21A75256A8af080b45006fd,
0x1d7e92faCB2fD3feeF6A8dD0A876e9c983149716,
0x1Ee67736b52CFa5955C6aAA7CB99f32fe20cfdBE,
0x1f28B6CC67525766dF47510311B0516c939cf362,
0x1f63E7B7588bDF381b73Bd4e49FAe913A7FA13e3,
0x1FBdaF23F11Db7daFE152326046b3b9F084d8013,
0x1FFb88CD29F46b38f44B957AB065E43ece508451,
0x200afE647E56b289F845e9c5e7C604abBEd197B9,
0x2049Eb3fd7f2c73b85f53822B066DdF9a8181f8E,
0x213e11a5DdBABD9Df35735913C571e42A92cb0A8,
0x21483eE0cC6F18301cC5FC6A2927523eA2afADCF,
0x220399656876297848aEc82c236Cc379A1Ef2fDb,
0x2307d4f3ABaDDfC8d4aB69b022560bBce6F4c178,
0x237c8076488a82560a1e3c2492Dd0f7F6dCAf8b0,
0x2417Db8796b998766b879Eca46695C9F3db952f3,
0x25464b8B6C354dAB3D05B5152Eba879667d5A8Cf,
0x27cAc1bB3E90c168542FB877142952A645Ca4Ac0,
0x280370747B1d7713eCc586EACB0B599b250F5Dab,
0x296432b218EcdE0C869D8461b323C6FA2c7392eb,
0x2a0ADb016458596ad957a08eDb6DeE3746deB9b2,
0x2a8981C7c28EFa9b1942c91E9584feb44B82c954,
0x2b25bda4f2c765D056d7daa1583c1Bbd0E4C34F8,
0x2ca14a95b398fE484298c3f3d5286a6eBA0d0941,
0x2e6601D815BDFee77F51D72A3dE3dB934c7c7e7A,
0x30bC26937366d8803E6f490152F6af504B2cdE7c,
0x30E8af6D2ED3b908F0b91CB8b13C48268D42c2f9,
0x31743efb5C12cDe41eEa5dBFc5835Ae50Ab5A09d,
0x319171D3eDE0C353613002faC16D07Eaa858df8e,
0x31FC7192b1662A4238181BDf1685EEFe54629c63,
0x3230D847423C76f26E68CDF9786880A74D3BB58e,
0x34327F40C53Ec7bE3630ef53854e7b8483deE842,
0x344812651a6f4b77d413F7A2F4D8cf4bb9D7A283,
0x34F75D56876800501f522aC9Bf8691dF6DE39adf,
0x35Ad3B2886A84b6Ed29447F50a0496caaE60C7BD,
0x37B839e9aa96cE2285FA70109eCe7dC658D85Ce6,
0x37d95240d3dAC2fD1575ed5A4F8A0FF9f1889585,
0x37e09c5d319A60063Fc28527f10F19D226c9fDDe,
0x381A8a10972138E54F87ceb4cC7Eb2467eEa0DaA,
0x381e89c9533a67888E515e2cC5890BB8e79b3192,
0x3824cE48923fD218c8ee44176522da2c30536401,
0x39A29715db5B7FddC47f3e53BE486CefdC6BCF51,
0x3a1707371b80123f40f4e7C6FC2e7513bb162329,
0x3a1A164389F859d7D4f45A8d60B4309d47594D8F,
0x3A9369c2E1D7c11c21541629811e5FC13f2B7cca,
0x3BE4547b4C0abC2BFd083eC875932eA390aBabdF,
0x3c12460E4cF8d463c88F8C2C0DbbB9784c5D2444,
0x3Ca56D9Af7Ea7d83f7BC30A0E95795CbaA1EF7d4,
0x3d74419079BF209c685CAba01071b9E102a72171,
0x3e4B12aa8a6Ba97DA2baa946E9AD41AE699CB498,
0x3E5D3CD8275D61839e58860F0D09cA616c0B6714,
0x3eaA0ecb2A2838EEe02FB280C98E740cc13F4C3A,
0x3F0C0DE5Ad3A67e443eA43D2905275A12947b6b5,
0x3F57FC686a44028b8C04B154ce141B1915716EfE,
0x4007C93B7EB20065DDd49A6C3d3E5f0e1BbB2818,
0x411a7F9e8B15976C956e3862047C5d98bf53Dbe0,
0x4146a01Def37Bf243e38ccb90c078bc2f895d31e,
0x417a3f6Fd27559FF9580ce9DEeA73A69f7bAF232,
0x417e1fE213D6C71e493d0fAd26B10Bc267b00f8e,
0x41bA88f619328380187118014059a6266188d74D,
0x420Ce59f9a6C321fd9D79d9FB89D6B7F1e323568,
0x4228873cdF2539F951b43C4eDe1e01A83C13CbDF,
0x424AB975c9eA670DD433D49CbC72B52Eee3a9819,
0x42747a6e69fA7A88d800b10A149470b1C82a3A97,
0x428838dE66FE83d5446e40F5dEc9E4ACAb6B682c,
0x445ded2A7Da9c68940e692784f9Ee84B05262Ed0,
0x447d178a90f464528deBDa6905c62bDB85D2b891,
0x44D90039c67396A72a8b2Bf05CA4570960aaE142,
0x4563D39C2a41c2B45D4ae6735F364d0840694DBc,
0x471b0b156EfeC1e12cC1e67d4E1ca5C9a228e44f,
0x4728015a46733E17228c295cc92976Af64414DC6,
0x47bA258D1E7Aa013d4164843955c5Ed919C45C5d,
0x48688736Cf8819F648A3e0634A1f00130D8a46BE,
0x4a650a905aaE500990A426F81fDD4d67F78cb8de,
0x4Aaa68Dc0049D8749343F05bA27C29495539a759,
0x4bAc0cd6C87489D09d92F6EeA5990Ac666db8126,
0x4Ec5c1e6665B28bfeaa749138e78a7af41334d17,
0x505ABcc6E277Ac6dFB500bF75315a3e3d2AE07CB,
0x505D29B5395ac43957140BaF078afD6532A11290,
0x50e1745f21B3a3129ac1FFeBC8bD2d5843D93Ed6,
0x50fA3373e055Ec6257eF28dE68E403ACc0235De1,
0x51c2702700604A76BB04429b829eA46990324404,
0x53afE8c125F41d7EE78F6e4a38391E7Ec92F9dA8,
0x55026fbB389cc3735713A19B9cc62ca5759e9203,
0x55554BcBbCF8557313D497854442d2f7dCd6E9CD,
0x55f9ED4581eaF01600Ab280B79D8f6c0b62F52Df,
0x57A991a4e96C73A6c0014524093a22b2F77B827b,
0x57E60614B2CE1e6a3D218bfe9C855b6faa867153,
0x5809E3de438c066fe8c52f3118F6f4C67F775Bf7,
0x583928fA06D39AcC272F360594DA2590aD4c2CE3,
0x58646D2b98C7B8f48427390B1f86140Df0F206ad,
0x587b9faB2751f572520C8Fd64b2E681714d48CC4,
0x59538E6c50873ddce5f71204798904F6E8f39bd3,
0x5cA2CcB0A103821195b3d1712a7941A2aB89e58f,
0x5Cb663Fd7c4728B3a80a1d62598A59d943892bb3,
0x5CB8D14e24962182A0823Af28BdccAb96CCdCc0d,
0x5CE750Bc75a9dA2cB552928C6001c5E2C1dadd73,
0x5cEC7f88B3247e2cCC29cd4470b0f0c49a092940,
0x5d18d30FcB8dEde9761E8F3c4F5F66249057BA20,
0x5D39d86CAaEb2A7ff3FbFAbAA501a02B5Df63253,
0x5d45E89a30B895e75Cb70BB2C179316869E05f1c,
0x5DC3424516E1E49d1Bac23692d436aF65c671Bc5,
0x5E330349511420337c158aa3118E00788F97d669,
0x5e9e8DE0CDB2FeDa87a624B7441005C978BcA2D6,
0x5fAe82C4ab84fd9F9696cFeBcAcd559477c19ed2,
0x619d2F2fFA6193f2CaDaC51107BF2BE27000D8Bf,
0x621593e3d25b1Cf1C5654d511e4773E4D24Fa46B,
0x62dD55497c3cdC54ba4f1E47A1475c9A47e44a00,
0x62f1bB06e8cd97e375968c6991E5dfaeF9df99Df,
0x6381Fb808d052d1327734D37F11CB10f0Ad7bB02,
0x64c4260A8f81123eE1221eeC6F0D9Ddeb1bdFfBE,
0x64cD17B711E10eAD0d24f375289fe19d0BdbB260,
0x64f52b736Dc4F35827A4F3dfE35a77dfef29AD05,
0x6646ecA416F390D5902C0D22aDe2ee6DC1140A57,
0x6653944AD4624374D0Ecb7A9646af0CD6aD90169,
0x6694FCf259fb4388276B0D2D498A4644f843fbe9,
0x66C5be5EE873b72DF25dd130785716B44484F7Be,
0x675599Ac1b4fe7de5A2332a1f05D666e90377eFC,
0x6786Cb2cc65a96c76C9Eb54b1a8e6c1d54b6D577,
0x6A0a4bC55750Ab59Fc6b31e3A7ac04310b9024D2,
0x6A7787123eCF53AB679b6B4cCD46D3A2Cb370b0c,
0x6B3DF8C84B650F8B33A7889A2478add743FFfe7A,
0x6CB79899536Fc6D0eD2A83900594Fcc83bB9Ba5C,
0x6d76c6514b68cd55169c6DB5B8f9d08F12DECAC8,
0x6e8C3B746c714D8f14441bf66DdBf86755646A7D,
0x6ebbDd21c63A3b36E23f59D19145Ad1a8B92aE99,
0x6f2daF739Dd73C6Ab8288BA7b964f073CEbb9dB1,
0x6f5f29132C6C491EB10FBb6cCF7139A52398960D,
0x705c3126552A4028B8D94d5bd9B632DF96D4deeB,
0x706E46a6e7074E8e16E81ed68a7c0Bf91249C36B,
0x71442E2636dfb1D5c92294B41F5b81AEDddfbdfB,
0x73d166A44492b44691027BE7aa6dC980ba3f6b45,
0x7510174bE7533b110073E4E4b0b67FA4B4d2450a,
0x755eDCc947e5168965B90518DbDEC85e0b2096bF,
0x75Cb81F95487C89c29F9A9Cc664A54269704988C,
0x770344689C54AaB4a03B2462060D097d108fAAfB,
0x77Ecb7d1Be95BB2F1F03763e5a5364E4f837d202,
0x78939E10E711d6745738e0D397D620D85Efa957F,
0x7a18e2918DAf48c345Ea147864DDDD4169A7B292,
0x7b90e49597D331914F42f3749eA7B310501D6c56,
0x7C03c8037c80e20e9dB77BcBd8C390557609cCC4,
0x7c298Ee373bC84e31dcB2Fe3971e47492d86635d,
0x7c738c239596EAda92700cca81DD3dfD605A73A9,
0x7DbfD5caD37435C48b96cA2a86BFF49d80Db901f,
0x7e027c288021bceBE637fc2b52b7EE0C1119A8D0,
0x7E9aa0B3bAcBdfDC908DBee8b5ab0ae1FC8c88FE,
0x80800e4077F3b70752a8d07613dE2e864707fA84,
0x8086B54A8a6a10F83CD343277EDDF0374e9131cf,
0x80D8EdC60386a47038e260e7f2e6bC47645ee3fb,
0x8293FEf23F5cd7a5e89FC9Bc4Dd98094B86E3Dd6,
0x82A3d9f2Fd78D10dBAEA47369Ea002e2416DfE74,
0x84208d5BFbFcA071369F88EC9774713Ec7a73675,
0x84C8646656545453Ac0d4DB3d962FA884cAb1a3C,
0x8530E0B08c7c6fdC92bf1E9e93Ea690FE06c4226,
0x85502551ba1E12e122dB73B27fce32Aec30EB012,
0x85C4eD1b0ccD94a46E760f7ba7AF91E37C8CF9fc,
0x866a6BDccadEb665f7588b7D5340806Ff1e2b1e6,
0x86E996546c6fc1B20929ebBbF4b165e66b9af937,
0x87709e6E52B1EF644d62Cabd94122cA07fFfEf73,
0x87c252eB2725aa87cC4B4fc3b08a9F16E76C6F9E,
0x8a02147c48feDE5D4690A4423783B7B69567Bc5d,
0x8BCfEa2C6BF5a8B901E5450dB340628Bf9F20f32,
0x8bF067DD1aEA1dCBb32321799799760e51373f07,
0x8bF0d3409307d9A55711D174431F9B7821fDf416,
0x8C3fF2c779A8a4EB6520beeC142E846488b73809,
0x8d36E2f483fbfaAE0FEde3eD6f6505488B2B8cE2,
0x8DFC45BCC5FA6Cb86d80A8F3A19f8e7bD335f436,
0x8e027694FE7757AFB125a412785B4aCC1eE4bBda,
0x8E125Fd52460fB620E41e9A1B1032143FCE4fF9c,
0x8e94c7491e2178b1D1afd421A0d03f06Ee9912Fc,
0x8EB436f99117b7eA4a02963d6B237DC44bC08e9a,
0x8fD08acdb9Aa30F9ECdb2802AE1190Ce53bC05E3,
0x94648A71ddF556B446Fe3C7f7EC67384B7e6933e,
0x956a144E52d27B971BC37cEd3F515F0d8bD26B38,
0x968c18006c34eD0bEb64d55D9a326d2C53e5c77E,
0x96adC186fFFb6152E0BFb5b3e7EA826937E8e3Cf,
0x983C89F3a67e08a91E328cD18527CfC4104cB67b,
0x987b315E8B4170873292071eDAC44F5db094848d,
0x9AA45BD6E3aA3aC017bdc8250F3C5AE007bE8f3b,
0x9b72344B77D0fbDe220432f45A4c808dDF9B7CF7,
0x9B89E40cB89F8AE5251654d61d4A97E6ADAb305D,
0x9BD62f640582eCab54678Ac0e204f05EDC6666B2,
0x9C6BeDD1b55d087eDf2c3314894adfC5c5574156,
0x9ca246e1538ec229B75f8B2c60D2CD9B561F7cC6,
0x9CA3132529a5aB613B9b965476f89B44483756D7,
0x9cd6418d026Cd77919b540E3f93C9c9e66102151,
0x9D6dcB1ad3301617ECa114EeD07C069fd9De80C7,
0x9D98E8216CbF7bB0aB82173f34C8A803c734235A,
0xa14a09c4F7Cf71eb0A2Fc7F9Cc5822407D4Fd904,
0xa25415644EB1A30f91f86914Ba7Bc45980216f19,
0xa2f45E0558a8D6FDF50450C422Ce81E79F150a13,
0xA3e97226c9A8B976C0e77F8D8E9b75781705601e,
0xa40545c6cDB4C6879A28dBf3A942BbD84c85008a,
0xA47323ad26aBd868171cdD5e2B48Ed38B94aCc30,
0xa47429b208ad1413Ed9FD9251a7304ECF9EC641c,
0xa55a7Ce797a02e0f9f4F935f87AF887Bd25b890f,
0xa69c559C349941CA179AB308Eb7beA8cfb758d58,
0xA6dA702b86AfE6715c3C5DCEb9E2Ce8F348a0645,
0xA77bd4857798c3DEC692Bc3716f0DBF8e977F26E,
0xA8DC9B9d9d6CfDCaF2C90846602f8d6171E06D88,
0xaa974D6a0CcBb091670C3AEfAcabf6238DEfE0c8,
0xaab2578C7418b156Ee2994860De868C66ca06781,
0xaaD53E089FbCdA4205E7b03c75CE4Ff28B55E7d7,
0xAc42a898A9D58B7C7349399507f29B8fc52531fE,
0xAD2610a00447D98740bd8A71a09213E2fE527d26,
0xad5D1b57Dd713AbFff7906187FD8055cd4422633,
0xAe333742b411aC49DC4c15606C74C757Ab51B88b,
0xAea517D296A82fe3aF12E97a6851C57d805fC864,
0xAf3314c3ae9FD54542f2cc561B2987fe8B991969,
0xAf747eB238B0a21347AFA412af11271466B61ae3,
0xaFd2795dA67769d6d05eE68FC404865338748C1d,
0xaFe0DDb95973A4c5C7174a0847c53b6FE51570f6,
0xB048afea038c702C861BB2cb9970De364e8822c6,
0xb053e2DD087d5696881EF658Ab9f49Ba8b79930d,
0xb10Be5B0F874133f658a48055343D128EEd3D1Fb,
0xb16211363b4FCc0d7993953bc047d9A65bfb204b,
0xB3934a9b887e4Ab034c30d2B8dF0f739C14876B9,
0xB3b893BF9E2Af3D9c928c8aB9187C8b605F9DC46,
0xB3D2b08b6B9AE768fd7A97DE55b46199B18A1656,
0xb40fC37e583F421e24382e03F863897BDF4797Bb,
0xb423D455bE06F46e9E61069C8DDab39F199C065b,
0xb5f936A9A4e6EAeD966D974994323Ad8560B563C,
0xB65BD0De8C02fF42B99c9edac40dfd9eCB6B7864,
0xb694b1af63eaAb029567D2253E1720E1cc619d19,
0xb6EaDA15CD5124D6d82e02c975E9DDd25Ef2DF97,
0xB76402daBE7ffE95061B72688423ce3Bf0Af5874,
0xB947E7b35A326a92C00Ca1e4cAcf7C78ADfa98E6,
0xbaC4989Bc594691a71D1ceD3853997F1a0f1cD6f,
0xbb53E82ED01AeDB98118Da28E6a8C1f55Dd4B646,
0xBb849029B7a5cDF0B3C91004AD69aF56bE5490fF,
0xBbb9C62F4Abd6bd3e7d46A868DCFc4b5991DB87b,
0xbc4a7baFc569D5aD30F452adf490ac486c8874a1,
0xBdBC787b29dBAE084C58668CA105CA20BCcC0f9a,
0xBF1679E44908A5Ff5DB04D44c623dd7Ba70cAc38,
0xC158C60611aD8933A2C1705A86605F922cfdB825,
0xC19B7A307f7c8b5152EbB17A0b055C5EB4C231ea,
0xC1c4a6308D503a21eFAd435B10235f73ECBb4768,
0xC2c4308D850E8155736041Da2AA55B3aF10c63F1,
0xc3A8FE60e582357116e8804AD676c8BFFE07131d,
0xC3Ce87AD1f24A6980Bd12e1B73ce740386A599ca,
0xC4cB217A1A8625e176486C87a48E57229585C690,
0xc58b658bf82004cff99ffb11e69970C82D54C5A4,
0xC607CB364e795f7396e32B5022248C0213734325,
0xC6B75873913c53DE5C47CF83a1a3513D564E9c4F,
0xC79b0F3243DebaaC50795fD6F7374E513D6ECf7F,
0xc7d33330Ce93Fb2A737dAcE4eF1Bc08A9430740d,
0xC923921FB2De9086cBaC12eA00f91a95c5160495,
0xC97E1b2DBB097Beb2e3E93F7C30d2bd2DAd1cD6c,
0xc99C69319BcA6Bd1806b7b4D5f7FE047e44E1617,
0xc9C2A1Be762732f661Ef68F987C85a4AE68B0B7F,
0xC9EE57184426f88056Ff20EA296BD5b088c891C9,
0xca28be3B265E285625a4CDbB2ca9EDB33aa68577,
0xCA4299204ADaA44aaf9DeF988a6937932C69D721,
0xCBBd568Ef12Ea67Ea9249e848b53aB2e2640555A,
0xCc67D99e35190200ecc0041D33bA02fD00e20386,
0xCCbEeFe153D90ce5af76Ae68FeE2bebe9779D491,
0xcd6F7b582858b20E39FFBa24BD0a739a818Af351,
0xCD80C4E3379B8dB6cbEAF53AD6895Fdd9519c55C,
0xcD8A8a191aF65B2A87FAFD23aF45E13d113EF9e1,
0xcdcf7A41A9aF68a67d9781e55b1AcDD9b6F96350,
0xCEf0cB1455539AcE26e5d35065CB95d2b0BB30bA,
0xd0D1Ac3d95B9Fcad4b74c2BDc7B0dffCB8fa150d,
0xd0F99D8600C4ec602929C5e3EDc418C708818BD8,
0xd1dD0cACbc4B2B3421D89CCac817Cd1925ebB16F,
0xD29F6395b5Acf1AC58E5639bDf7Db28E15a6c4e4,
0xD3dB3FA9685F9b585E16ec83b40e89A55E497abb,
0xd3f53fD26373A4813FaEe4651bb1F5466abF582e,
0xd582C4b7448AeeDE08ECACa8522c779F55eF77a9,
0xd58B9fdeE95964451e9fF9c8c283c1cE4BAC2227,
0xd5cC57aF6b8F598b290BDf7779151e303a9b78d5,
0xD63B787638381F2277Ca858e6E17b5d8CCfa741E,
0xD64aCcaF73f8b44BC8Fd2e5C2477DC76F420D440,
0xd84DF1A9858317db112B599Be4035a7b5546b23D,
0xdA3B406d57BF874b51B00F07c6BB8e3CF61dcdaa,
0xdA47B42CA95029E544AFbd03CD8C189315B765bB,
0xdA4881CB10E1E1dDe5645EeccD7CA717F125E122,
0xda7D1171f40244BF2Be7DEA2b80118FaC812BcF9,
0xDb7E4218D7139FaC298F19964D4B6Bf64ed4C6AA,
0xdbbe4D3A7423213A6fA711A3d069433a5D32B162,
0xdd56A32d81C4802c9E41f4A7BDED9BDA8A7eAe4E,
0xDe6e15a228D82E8F8f21C7345C96F894F90FA9cf,
0xDe81a373993f4b7B5c371AA551B7FAfdAAd16aE4,
0xdedd659d44652468ED0258675eF426f596f947F1,
0xDee7515EBac228DB568cd9a90D2c811fE3a655b0,
0xdEFf5DaA41bc946Fc9EfB7b7A66a26FF40D9F5c8,
0xDFa65487281D0d55F3786c1c00cBf680d573C85A,
0xDFBEFc639e5562e9E3cD8Ac3F6c92d63541f6f89,
0xe0602fddB50a9C48C624D16489844E569B4DacB0,
0xe09A1B2A84E115383f75B43924d18fCbBE89CfE4,
0xe19afFc09eB73e26526505a930f816f51b52aa62,
0xe26aB25813f7bba7988EdED3FB9f577b7242333E,
0xE65c62AD9dA37163be0E6F17DbF0Cf01cBD7a312,
0xe65FaE5F79dDba19F2c5daF59F4e41ef807dE428,
0xe66caD6D0426c48bEFc6dE422F7f10daE939194a,
0xe67aAe8193f838e1da5fD3d58857584f8410e7a4,
0xE75658Fe8988fe1cB20955fcc02c61A6322De1ed,
0xe83bd7c86D6518253f311AF7B59024F3B8ca012C,
0xe891F41CA4B7A746E12C48A8407Abcd4472aaAe3,
0xe8Fd252812bb597BB252FB396008a872de037b22,
0xE95073c66c2cB70d717B7425920CD4309523b53D,
0xE9935Ea7C1C2D38900c5C513EB820078a9dEd4a2,
0xEa1eBF2f905E765f140eB2Bf955d1bc48E07dd1E,
0xEa4101E9933bBeDF243Bb7A1b0b87082e3BC7Cd3,
0xEA6B0a70e14Dc867FC97d4Ca7A21C050541a7A3D,
0xEb179E5d4cC9a2Ede99608Ef1F6E00734c2E207d,
0xeB8D6906626c68A533BaC66FACe75426964e2d6c,
0xECd7A2604C64AD3f401298034B5fB8427d6A5837,
0xeCFBc7135c3596788d9a1Cbf097a5E287F9760E6,
0xEEe895E0efB204Bb7816a0bae4A28a9B6c040297,
0xeF6f9940eEE5b4BF476D19b55cEAb67c26f64491,
0xf0b5B520F9d67bfa65BC48Ea93473EE974553B06,
0xf0d8B090Eaed68788A205832c2e2E044a33d27C3,
0xF2524ab2f4dd2799856BD6f9e7c30Ec6755E9eBC,
0xF2D79DE02FeA66f98398464d48EceA8330d73578,
0xF2e71a04299C252B8779FD483637aA00cf14BF3b,
0xf348b733DAA2e1CdA395F4f3c82d81086feEDf71,
0xf356f549BFFF571547a9F019860371AfC4459E5F,
0xf3A2C4f397B6010ceF2f01D840700D50739a1f32,
0xf458fA1C61A6860bb0A3873007375568aE798355,
0xF4F239d83b03A85e43a3441BA4500C03C75D179a,
0xF61fD55F0Be100e1F2e14cdc37D5a3b05318C648,
0xf6f04b426F011cD97b1d842413CE42898aBC1fD1,
0xF7a5C8261aF2e06e03f4F0AaE1c66A73799dD074,
0xf887A7750af506Db8794BCb63C75F1A456646d36,
0xF94C6bF3cFDdc3b551DF065927f34f74A6091309,
0xF984334c742bC8393eD59F57c983e63B241372AB,
0xfa729d38Ab3B058B974aa7a04F1EbAFA4b27beB6,
0xfad3218032D9638bC1eC60432757bed0B9505E55,
0xFAF733Ff459Ed1A5Ef3F54064c8CFa22Ce633C43,
0xfba2f31bdB3B9C480f40287480d41F69c8bc2565,
0xfCD47d2AE76b32FffC85d517922916eE9215D812,
0xFD060FDD5E7161F0C4Fd1e3EA205Fa7C0ec0a33b,
0xFD2E5F1CD5A6Dc8A57A30150e167Cba9deA88b1D,
0xFEa2DbC9fc05F7713A85abE19d70Eaf100C43C47,
0xff3C9b58FaB9DF27a75d0687aE3f6651275EF1CF]